complex_number,accession,stoichiometry,none1,pdbid,source organism,Macromolecule name,Note,none2,none3,none4
1,P43773,12,,1g3i,,,,,,
1,P43772,12,,1g3i,,,,,,
2,P16442,2,,3i0g,,,,,,
3,P02711,2,,2bg9,,,,,,
3,Q6S3I0,1,,2bg9,,,,,,
3,Q6S3H8,1,,2bg9,,,,,,
3,Q6S3H9,1,,2bg9,,,,,,
4,P04058,2,,1acj,,,,,,
5,P21399,1,,2b3y,Homo sapiens,cytoplasmic,,,,
5,P16276,1,,7acn,Sus scrofa,mitochondrial,,,,
6,P68135,1,,1j6z,,,,,,
7,none,2,,173d,,"chains C,D",,,,
7,none,2,,173d,,"DNA - chains A, B",,,,
8,none,1,,5swe,,with ADE,,,,
8,none,1,,5e54,,no ADE,,,,
9,P04133,720,,6cgv,,,,,,
9,P12538,60,,6cgv,,,,,,
9,P12537,60,,6cgv,,,,,,
9,P03281,240,,6cgv,,,,,,
9,P24936,120,,6cgv,,,,,,
9,P24937,60,,6cgv,,,,,,
10,P07550,1,,2rh1,,"chimeric (endolysin P00720, Escherichia virus T4)",,,,
11,P00325,2,,1htb,,,,,,
12,P04746,1,,1hny,,,,,,
13,P41972,1,,1ffy,Staphylococcus aureus,class type I - isoleucine,complex with ISOLEUCYL-tRNA,1,,
13,none,1,,1ffy,Escherichia coli,tRNA,,,,
13,P96142,1,,1gax,Thermus thermophilus,class type I - valine,complex with valyl-tRNA,2,Thermus thermophilus,1gax
13,none,1,,1gax,Thermus thermophilus,trna,,,,
13,P00962,1,,1euq,Escherichia coli,class type I - glutamine,complex with glutaminyl-tRNA,1,Escherichia coli,1euq
13,none,1,,1euq,Escherichia coli,tRNA,,,,
13,Q5SGX2,2,,1eiy,Thermus thermophilus HB8,class type II - phenylalanine,complex with phenylalanyl-tRNA,1,Thermus thermophilus HB8,1eiy
13,Q5SGX1,2,,1eiy,Thermus thermophilus HB8,class type II - phenylalanine,complex with phenylalanyl-tRNA,1,Thermus thermophilus HB8,1eiy
13,none,2,,1eiy,,tRNA,,,,
13,P0A8M3,1,,1qf6,Escherichia coli,class type II - threonine,complex with threonyl-tRNA,1,Escherichia coli,1qf6
13,none,1,,1qf6,Escherichia coli,tRNA,,,,
14,Q763K9,1,,3frh,Escherichia coli,methylation of guanine 1405 in the ribosome,,,,
14,Q53396,2,,1bo4,Serratia marcescens,acetyltransferase,,,,
14,P9WFK7,1,,3r2k,Mycobacterium tuberculosis,acetyltransferase that can modify the drug,,,,
15,P80371,1,,1fjg,,,,,,
15,P80372,1,,1fjg,,,,,,
15,P80373,1,,1fjg,,,,,,
15,Q5SHQ5,1,,1fjg,,,,,,
15,Q5SLP8,1,,1fjg,,,,,,
15,P17291,1,,1fjg,,,,,,
15,P0DOY9,1,,1fjg,,,,,,
15,P80374,1,,1fjg,,,,,,
15,Q5SHN7,1,,1fjg,,,,,,
15,P80376,1,,1fjg,,,,,,
15,Q5SHN3,1,,1fjg,,,,,,
15,P80377,1,,1fjg,,,,,,
15,P0DOY6,1,,1fjg,,,,,,
15,Q5SJ76,1,,1fjg,,,,,,
15,Q5SJH3,1,,1fjg,,,,,,
15,P0DOY7,1,,1fjg,,,,,,
15,Q5SLQ0,1,,1fjg,,,,,,
15,Q5SHP2,1,,1fjg,,,,,,
15,P80380,1,,1fjg,,,,,,
15,Q5SIH3,1,,1fjg,,,,,,
15,none,1,,1fjg,,16S ribosomal RNA,,,,
15,none,1,,1fjg,,Messenger RNA,,,,
16,P14904,12,,5jh9,,,,,,
17,P19491,4,,3kg2,,,,,,
18,P05067,1,,1mwp,Homo sapiens,growth factor-like domain,,,,
18,P05067,1,,1owt,Homo sapiens,copper-binding domain,,,,
18,P05067,1,,3nyl,Homo sapiens,E2 domain,,,,
18,P05067,1,,1iyt,Homo sapiens,transmembrane ,,,,
19,P05067,9,,2m4j,,,,,,
20,P04278,2,,1d2s,,,,,,
21,P15917,1,,1jky,Bacillus anthracis,Lethal factor,,,,
21,P36507,1,,1jky,Homo sapiens,Dual specificity mitogen-activated protein kinase kinase 2,,,,
21,P40136,3,,1k90,Bacillus anthracis,Calmodulin-sensitive adenylate cyclase,,,,
21,P0DP24,3,,1k90,Homo sapiens,Calmodulin-2,,,,
21,P13423,1,,1acc,Bacillus anthracis,Anthrax protective antigen ,,,,
22,none,2,,1igt,,,,,,
22,none,2,,1igt,,,,,,
23,P19614,1,,1kdf,,,,,,
24,O14727,7,,3j2t,,inactive,,,,
24,P62894,7,,3j2t,,active (cyt c),,,,
25,P29972,4,,1fqy,,,,,,
26,P0A786,6,,5at1,,,,,,
26,P0A7F3,6,,5at1,,,,,,
27,P19483,3,,5ara,,,,,,
27,P00829,3,,5ara,,,,,,
27,P05631,1,,5ara,,,,,,
27,P05630,1,,5ara,,,,,,
27,P05632,1,,5ara,,,,,,
27,P32876,8,,5ara,,,,,,
27,P13621,1,,5ara,,,,,,
27,P13619,1,,5ara,,,,,,
27,P13620,1,,5ara,,,,,,
27,P02721,1,,5ara,,,,,,
27,P00847,1,,5ara,,,,,,
28,Q39255,1,,2p1p,,,,,,
28,Q570C0,1,,2p1p,,,,,,
29,P69486,240,,1cd3,,,,,,
29,P03641,60,,1cd3,,,,,,
29,P03643,60,,1cd3,,,,,,
29,P03633,60,,1cd3,,,,,,
30,P02945,3,,1fbb,,,,,,
31,P00722,4,,1jz8,,,,,,
32,P56817,1,,1sgz,Homo sapiens,Beta-secretase 1,,,,
32,P56817,2,,1py1,Homo sapiens,Beta-secretase 1,,,,
32,Q9UJY5,2,,1py1,Homo sapiens,ADP-ribosylation factor-binding protein GGA1,,,,
33,P23608,4,,5t6o,,,,,,
34,none,3,,5ugy,Homo sapiens,heavy chain,,,,
34,none,3,,5ugy,Homo sapiens,light chain,,,,
34,A7Y8A6,3,,5ugy,Influenza A virus (A/Solomon Islands/3/2006(H1N1)),Hemagglutinin,,,,
34,A7Y8I1,3,,5ugy,Influenza A virus (A/Solomon Islands/3/2006(H1N1)),Hemagglutinin,,,,
35,P33148,1,,1l3w,Xenopus laevis,outer part,,,,
35,Q02248,2,,1i7x,Mus musculus,inner part - Catenin beta-1,,,,
35,P09803,2,,1i7w,Mus musculus,E-Cad/CTF2,,,,
36,P04191,1,,1su4,,,,,,
37,P0DP30,1,,3cln,,,,,,
38,P05132,2,,3tnp,,catalytical,,,,
38,P31324,2,,3tnp,,II-beta regul.,,,,
38,P12368,2,,2h9r,,II-alpha regul.,,,,
38,P24588,1,,2h9r,,A-kinase anchor protein 5,,,,
39,P00918,1,,1ca2,Homo sapiens,Alpha type,,,,
39,Q43060,2,,1ddz,Porphyridium purpureum,Beta type,,,,
39,P40881,3,,1thj,Methanosarcina thermophila,Gamma type,,,,
40,P74334,1,,2biw,,,,,,
41,Q46901,1,,4u7u,,CRISPR system Cascade subunit CasA,,,,
41,P76632,2,,4u7u,,CRISPR system Cascade subunit CasB,,,,
41,Q46899,6,,4u7u,,CRISPR system Cascade subunit CasC,,,,
41,Q46898,1,,4u7u,,CRISPR system Cascade subunit CasD,,,,
41,Q46897,1,,4u7u,,CRISPR system Cascade subunit CasE,,,,
41,none,1,,4u7u,,crRNA,,,,
42,P55211,1,,1nw9,,Caspase-9 subunit p35,,,,
42,P98170,1,,1nw9,,E3 ubiquitin-protein ligase XIAP,,,,
43,P0ACJ8,2,,1cgp,,cAMP-activated global transcriptional regulator CRP,,,,
43,none,2,,1cgp,,DNA,,,,
43,none,2,,1cgp,,DNA,,,,
44,P04040,4,,1qqw,,human erythrocyte catalase,,,,
45,P0A6F5,14,,1aon,,60 kDa chaperonin,,,,
45,P0A6F9,7,,1aon,,10 kDa chaperonin,,,,
46,P01584,1,,2kh2,Homo sapiens,Interleukin-1 beta,,,,
46,none,1,,2kh2,Mus musculus,scFv,,,,
46,P20963,2,,2hac,Homo sapiens,Zeta-Zeta Transmembrane Dimer,,,,
46,P43403,1,,2oq1,Homo sapiens,Tyrosine-protein kinase ZAP-70,,,,
46,P20963,1,,2oq1,Homo sapiens,T-cell surface glycoprotein CD3 zeta chain,,,,
46,P43403,1,,2ozo,Homo sapiens,human ZAP-70,,,,
47,P01555,1,,1xtc,Vibrio cholerae 569B,Cholera enterotoxin subunit A1,,,,
47,P01555,1,,1xtc,Vibrio cholerae 569B,Cholera enterotoxin subunit A2,,,,
47,P01556,5,,1xtc,Vibrio cholerae 569B,Cholera enterotoxin subunit B,,,,
48,Q79PF6,2,,1r8j,Synechococcus elongatus PCC 7942,KaiA,,,,
48,Q8YT41,2,,1r5p,Nostoc sp. PCC 7120,KaiB,,,,
48,Q79PF4,4,,2gbl,Synechococcus elongatus PCC 7942,KaiC,,,,
48,Q79PF4,2,,2gbl,Synechococcus elongatus PCC 7942,KaiC,,,,
49,P00889,2,,1cts,,open form,,,,
49,P00889,2,,2cts,,closed form,,,,
50,,,,,,,,,,
51,P49951,108,,1xi4,,Clathrin heavy chain 1,,,,
51,P04973,108,,1xi4,,Clathrin light chain A,,,,
52,none,3,,1cag,,,,,,
53,A0A140N7P6,1,,3rko,Escherichia coli BL21(DE3),"membrane domain - Proton-translocating NADH-quinone oxidoreductase, chain L",,,,
53,A0A140N571,1,,3rko,Escherichia coli BL21(DE3),membrane domain - Proton_antipo_M domain-containing protein,,,,
53,A0A140N755,1,,3rko,Escherichia coli BL21(DE3),membrane domain - NADH-quinone oxidoreductase subunit N,,,,
53,C5W716,1,,3rko,Escherichia coli BL21(DE3),membrane domain - NADH-quinone oxidoreductase subunit K,,,,
53,A0A140N7N4,1,,3rko,Escherichia coli BL21(DE3),membrane domain - NADH-quinone oxidoreductase subunit A,,,,
53,A0A140N7W8,1,,3rko,Escherichia coli BL21(DE3),membrane domain - NADH-quinone oxidoreductase subunit J,,,,
53,Q56222,1,,3m9s,Thermus thermophilus HB8,outer part - NADH-quinone oxidoreductase subunit 1,,,,
53,Q56221,1,,3m9s,Thermus thermophilus HB9,outer part - NADH-quinone oxidoreductase subunit 2,,,,
53,Q56223,1,,3m9s,Thermus thermophilus HB10,outer part - NADH-quinone oxidoreductase subunit 3,,,,
53,Q56220,1,,3m9s,Thermus thermophilus HB11,outer part - NADH-quinone oxidoreductase subunit 4,,,,
53,Q56219,1,,3m9s,Thermus thermophilus HB12,outer part - NADH-quinone oxidoreductase subunit 5,,,,
53,Q56218,1,,3m9s,Thermus thermophilus HB13,outer part - NADH-quinone oxidoreductase subunit 6,,,,
53,none,1,,3m9s,Thermus thermophilus HB14,"outer part - NADH-quinone oxidoreductase subunits 7, 10 and 11",,,,
53,none,1,,3m9s,Thermus thermophilus HB15,outer part - NADH-quinone oxidoreductase subunit 8,,,,
53,Q56224,1,,3m9s,Thermus thermophilus HB16,outer part - NADH-quinone oxidoreductase subunit 9,,,,
53,none,1,,3m9s,Thermus thermophilus HB17,outer part - NADH-quinone oxidoreductase subunit 12,,,,
53,none,1,,3m9s,Thermus thermophilus HB18,outer part - NADH-quinone oxidoreductase subunit 13,,,,
53,none,1,,3m9s,Thermus thermophilus HB19,outer part - NADH-quinone oxidoreductase subunit 14,,,,
53,Q5SKZ7,1,,3m9s,Thermus thermophilus HB20,outer part - NADH-quinone oxidoreductase subunit 15,,,,
54,P02866,4,,2uu8,,,,,,
55,P02470,2,,3l1e,Bos taurus,alpha A,dimer,,,
55,P02511,1,,2wj7,Homo sapiens,Alpha B,monomer,,,
55,P02522,4,,1blb,Bos taurus,beta,tetramer,,,
55,P02526,1,,4gcr,Bos taurus,gamma,monomer,,,
55,P24058,4,,1hy1,Anas platyrhynchos,duck,tetramer,,,
55,Q28399,4,,1o9j,Elephantulus edwardii,elephant,tetramer,,,
56,P24941,1,,1fin,,Cyclin-dependent kinase 2,,,,
56,P20248,1,,1fin,,Cyclin-A2,,,,
57,P05979,2,,1prh,,,,,,
58,P31800,2,,1ntz,,Cytochrome b-c1 complex subunit 1,,,,
58,P23004,2,,1ntz,,Cytochrome b-c1 complex subunit 2,,,,
58,P00157,2,,1ntz,,Cytochrome b,,,,
58,P00125,2,,1ntz,,"Cytochrome c1, heme protein",,,,
58,P13272,2,,1ntz,,Cytochrome b-c1 complex subunit Rieske,,,,
58,P00129,2,,1ntz,,Cytochrome b-c1 complex subunit 7,,,,
58,P13271,2,,1ntz,,Cytochrome b-c1 complex subunit 8,,,,
58,P00126,2,,1ntz,,Cytochrome b-c1 complex subunit 6,,,,
58,P13272,2,,1ntz,,Cytochrome b-c1 complex subunit 9,,,,
58,P00130,2,,1ntz,,Cytochrome b-c1 complex subunit 9,,,,
58,P07552,2,,1ntz,,Cytochrome b-c1 complex subunit 10,,,,
59,P81459,1,,3cyt,,,,,,
60,P00396,2,,1oco,,Cytochrome c oxidase subunit 1,,,,
60,P68530,2,,1oco,,Cytochrome c oxidase subunit 2,,,,
60,P00415,2,,1oco,,Cytochrome c oxidase subunit 3,,,,
60,P00423,2,,1oco,,Cytochrome c oxidase subunit 4 isoform 1,,,,
60,P00426,2,,1oco,,Cytochrome c oxidase subunit 5A,,,,
60,P00428,2,,1oco,,Cytochrome c oxidase subunit 5B,,,,
60,P07471,2,,1oco,,Cytochrome c oxidase subunit 6A2,,,,
60,P00429,2,,1oco,,Cytochrome c oxidase subunit 6B1,,,,
60,P04038,2,,1oco,,Cytochrome c oxidase subunit 6C,,,,
60,P07470,2,,1oco,,Cytochrome c oxidase subunit 7A1,,,,
60,P13183,2,,1oco,,Cytochrome c oxidase subunit 7B,,,,
60,P00430,2,,1oco,,Cytochrome c oxidase subunit 7C,,,,
60,P10175,2,,1oco,,Cytochrome c oxidase subunit 8B,,,,
61,P08684,1,,2j0d,,,,,,
62,W6EQP0,2,,4ur0,,,,,,
63,C3V005,180,,1k4r,Chimeric Tick-borne encephalitis virus/Dengue virus 4,capsid,,,,
63,P12823,3,,1ok8,Dengue virus 2,envelope glycoprotein (in postfusion conformation),,,,
64,P81605,6,,2ymk,,,,,,
65,none,3,,3gbi,,DNA chain A,,,,
65,none,3,,3gbi,,DNA chain B,,,,
65,none,3,,3gbi,,DNA chain C,,,,
65,none,3,,3gbi,,DNA chain D,,,,
66,"P03485,P29715",12,,3vdx,"Kitasatospora aureofaciens, Influenza A virus (A/Puerto Rico/8/1934(H1N1))",Matrix protein 1; non-haem bromoperoxidase BPO-A2 chimera,,,,
66,Q5HCZ5,12,,4egg,Staphylococcus aureus subsp. aureus COL,Putative acetyltransferase SACOL2570,,,,
67,P01308,1,,1trz,,,,,,
67,P01308,1,,1trz,,,,,,
68,none,1,,1qys,,,,,,
69,P0ABQ4,1,,7dfr,,,,,,
70,P27487,2,,1nu8,,,,,,
71,P14779,1,,5ucw,,Bifunctional cytochrome P450/NADPH--P450 reductase,,,,
72,none,2,,1bna,,,,,,
73,Q9X4C9,6,,4esv,,Replicative DNA helicase,,,,
73,none,1,,4esv,synthetic construct,DNA,,,,
74,P00969,1,,1a0i,Enterobacteria phage T7,from bacteriophage,,,,
74,Q9ZHI0,1,,1dgs,Thermus filiformis,from bacteria,,,,
75,P13864,2,,3pt6,,methyltransferase 1,,,,
75,none,1,,3pt6,,DNA,,,,
76,P19821,1,,1tau,Thermus aquaticus,DNA polymerase I,,,,
76,none,1,,1tau,Thermus aquaticus,DNA chain T,,,,
76,none,1,,1tau,Thermus aquaticus,DNA chain P,,,,
77,P34036,1,,3vkh,,dynein heavy chain- cytoplasmic,,,,
78,Q05320,3,,3csy,"Ebola virus - Mayinga, Zaire, 1976",glycoprotein in complex with a neutralizing antibody from a human survivor - GP1,,,,
78,Q05320,3,,3csy,"Ebola virus - Mayinga, Zaire, 1976",GP2,,,,
78,none,3,,3csy,,Fab KZ52 Heavy chain,,,,
78,none,3,,3csy,,Fab KZ52 Light chain,,,,
78,Q05128,6,,4ldd,Zaire ebolavirus,Matrix/ VP40,,,,
78,P18272,51,,5z9w,Homo sapiens,Nucleocapsid - nucleoprotein ,,,,
78,none,51,,5z9w,synthetic construct,Nucleocapsid - RNA,,,,
78,Q77DJ5,2,,2i8b,Zaire ebolavirus,VP30,,,,
78,Q05127,1,,3fke,"Ebola virus - Mayinga, Zaire, 1976",VP35,,,,
78,Q5XX02,1,,3vne,Sudan ebolavirus,VP24,,,,
79,Q01698,1,,1ttt,Thermus aquaticus,EF-Tu,,,,
79,none,1,,1ttt,Saccharomyces cerevisiae,Transfer ribonucleic acid,,,,
79,P0A6P1,2,,1efu,Escherichia coli,EF-Ts,,,,
79,P0CE48,2,,1efu,Escherichia coli,EF-Tu 2,,,,
79,Q5SHN5,1,,1dar,Thermus thermophilus HB8,EF-G,,,,
80,"Q14653,Q14653,Q92985",1,,2o61,Homo sapiens,Interferon regulatory factor 3; Interferon regulatory factor 7; Transcription factor p65,,,,
80,P19838,1,,2o61,Homo sapiens,Nuclear factor NF-kappa-B p50 subunit,,,,
80,none,1,,2o61,,DNA,,,,
80,none,1,,2o61,,DNA,,,,
81,P01132,1,,1egf,,,,,,
82,Q9R4E4,1,,2gga,Agrobacterium sp. CP4,with ligand,,,,
83,P13579,36,,2gtl,,Extracellular globin-4,,,,
83,P11069,36,,2gtl,,Extracellular globin-3,,,,
83,P02218,36,,2gtl,,Extracellular globin-2,,,,
83,O61233,36,,2gtl,,Extracellular globin,,,,
83,Q9GV76,12,,2gtl,,Eryth_link_C domain-containing protein,,,,
83,Q2I743,12,,2gtl,,Eryth_link_C domain-containing protein,,,,
83,Q2I742,12,,2gtl,,Eryth_link_C domain-containing protein,,,,
84,P03372,2,,1hcq,,Estrogen receptor,,,,
84,none,1,,1hcq,,DNA,,,,
84,none,1,,1hcq,,DNA,,,,
84,P03372,2,,1a52,,alpha ligand-binding domain complexed to estradiol,,,,
85,Q06265,1,,2nn6,,Exosome complex component RRP45,,,,
85,Q9NPD3,1,,2nn6,,Exosome complex component RRP41,,,,
85,Q96B26,1,,2nn6,,Exosome complex component RRP43,,,,
85,Q9NQT4,1,,2nn6,,Exosome complex component RRP46,,,,
85,Q15024,1,,2nn6,,Exosome complex component RRP42,,,,
85,Q5RKV6,1,,2nn6,,Exosome complex component MTR3,,,,
85,Q9NQT5,1,,2nn6,,Exosome complex component RRP40,,,,
85,Q13868,1,,2nn6,,Exosome complex component RRP4,,,,
85,Q9Y3B2,1,,2nn6,,Exosome complex component CSL4,,,,
86,P0A953,2,,2cf2,,3-oxoacyl-[acyl-carrier-protein] synthase 1,,,,
86,none,2,,2cf2,,Mat domain,,,,
86,none,2,,2cf2,,DH domain,,,,
86,none,2,,2cf2,,ER domain,,,,
86,none,2,,2cf2,,KR domain,,,,
87,P02794,24,,1fha,,ferritin heavy chain,,,,
88,P14448,2,,1m1j,,Fibrinogen alpha chain,,,,
88,Q02020,2,,1m1j,,Fibrinogen beta chain,,,,
88,O93568,2,,1m1j,,Fibrinogen C-terminal domain-containing protein,,,,
88,none,2,,1m1j,,GLY-PRO-ARG-PRO peptide,,,,
88,none,2,,1m1j,,GLY-HIS-ARG-PRO peptide,,,,
89,none,1,,4kzd,,RNA (84mer),,,,
89,none,1,,4kzd,,"BL3-6 Fab antibody, heavy chain",,,,
89,none,1,,4kzd,,"BL3-6 Fab antibody, light chain",,,,
90,P10824,1,,1gg2,Rattus norvegicus,alpha,,,,
90,P62871,1,,1gg2,Bos taurus,beta,,,,
90,P63212,1,,1gg2,Bos taurus,gamma,,,,
91,Q9U6Y8,4,,1g7k,Discosoma sp.,dsRED colour,,,,
91,none,1 or 4,,3m24,synthetic construct,TagBFP colour,,,,
91,P42212,1,,2q57,Aequorea victoria,Cerulean colour,,,,
91,P42212,1,,4ar7,Aequorea victoria,mTurquoise colour,,,,
91,P42212,1,,2y0g,Aequorea victoria,EGFP (enhanced) colour,,,,
91,P42212,1,,1huy,Aequorea victoria,citrine colour,,,,
91,D0VWW2,1,,2h5o,Discosoma sp.,mOrange colour,,,,
91,Q5S3G8,1,,2h5q,Discosoma sp.,mCherry colour,,,,
92,P01274,1,,1gcn,Sus scrofa,glucagon,,,,
92,P47871,1,,4ers,Homo sapiens,extracellular domain (bound to antibody),,,,
92,none,1,,4ers,Homo sapiens,Fab heavy chain,,,,
92,none,1,,4ers,Homo sapiens,Fab light chain,,,,
92,P47871,1,,4l6r,Homo sapiens,7-helix bundle - membrane portion (with cytochrome b562),,,,
93,P13470,1,,3aic,,,,,,
94,P81156,2,,1gpe,Penicillium amagasakiense,,,,,
95,P11166,1,,4pyp,,,,,,
96,none,5,,3rif,Caenorhabditis elegans,Avermectin-sensitive glutamate-gated chloride channel GluCl alpha,,,,
96,none,5,,3rif,Mus musculus,Fab heavy chain,,,,
96,none,5,,3rif,Mus musculus,Fab light chain,,,,
97,P0A1P6,12,,1fpy,,,,,,
98,P09211,2,,3gss,,,,,,
99,P00489,2,,6gpb,,,,,,
100,,,,,,,,,,
101,P42212,1,,1ema,,,,,,
102,P01241,1,,1hgu,,,,,,
103,Q9WFX3,3,,1ruz,,HA1 chain,,,,
103,Q9WFX3,3,,1ruz,,HA2 chain,,,,
104,P01958,2,,2dhb,,alpha,,,,
104,P02062,2,,2dhb,,beta,,,,
105,P04807,1,,1ig8,Saccharomyces cerevisiae,open,,,,
105,Q26609,1,,1bdg,Schistosoma mansoni,closed,,,,
106,H9A150,1,,1e6j,HIV-1 M:B_HXB2R,gag protein (HIV-1 capsid protein (p24)),,,,
106,none,1,,1e6j,,immunoglobulin,,,,
106,Q99LC4,1,,1e6j,Mus musculus,Igh protein,,,,
106,none,1356,,3j3q,?,HIV-1 capsid,,,,
107,Q2N0S6,3,,4nco,Human immunodeficiency virus 1,Envelope glycoprotein gp160,,,,
107,none,3,,4nco,Human immunodeficiency virus 1,BG505 SOSIP gp41,,,,
107,none,3,,4nco,Homo sapiens,PGT122 light chain,,,,
107,none,3,,4nco,Homo sapiens,PGT122 heavy chain,,,,
108,P03366,1,,3hvt,Human immunodeficiency virus 1,Reverse transcriptase/ribonuclease H,,,,
108,P03366,1,,3hvt,Human immunodeficiency virus 1,p51 RT,,,,
109,P03369,2,,7hvp,Human immunodeficiency virus 1,Protease,,,,
109,none,1,,7hvp,Human immunodeficiency virus 1,INHIBITOR ACE-SER-LEU-ASN-PHE-PSI(CH(OH)-CH2N)-PRO-ILE VME (JG-365),,,,
110,P02829,2,,2cg9,,Hsp90 (ATP-dependent molecular chaperone HSP82),,,,
110,P28707,2,,2cg9,,Co-chaperone protein SBA1,,,,
111,P05019,1,,1h02,,,,,,
112,P03101,360,,3j6r,,Major capsid protein L1,,,,
113,P12943,1,,2frv,Desulfovibrio gigas,Nickel-iron hydrogenase - small subunit,,,,
113,P12944,1,,2frv,Desulfovibrio gigas,Nickel-iron hydrogenase - large subunit,,,,
113,P29166,1,,1feh,Clostridium pasteurianum,iron hydrogenase,,,,
114,P00492,4,,1hmp,,,,,,
115,P52292,1,,1qgk,Homo sapiens,Importin subunit alpha-1,,,,
115,Q14974,1,,1qgk,Homo sapiens,Importin subunit beta-1,,,,
115,Q02821,1,,1ee5,Saccharomyces cerevisiae,Importin subunit alpha,,,,
115,P05221,1,,1ee5,Xenopus laevis,Nucleoplasmin,,,,
115,P05221,5,,1k5j,Xenopus laevis,Nucleoplasmin,,,,
116,P06820,4,,1nn2,Influenza A virus (A/Tokyo/3/1967(H2N2)),Neuraminidase,,,,
117,P63073,1,,1ej1,Mus musculus,Eukaryotic translation initiation factor 4E,,,,
118,P01315,1,,4ins,,Insulin A chain,,,,
118,P01315,1,,4ins,,Insulin B chain,,,,
119,P06213,1,,1irk,Homo sapiens,tyrosine kinase,,,,
119,P06213,1,,2mfr,Homo sapiens,transmembrane segment,,,,
119,P06213,4,,4zxb,Homo sapiens,Insulin receptor subunit alpha,,,,
119,none,4,,4zxb,Mus musculus,Fab 83-7 heavy chain,,,,
119,none,4,,4zxb,Mus musculus,Fab 83-7 light chain,,,,
119,none,4,,4zxb,Mus musculus,Fab 83-14 heavy chain,,,,
119,none,4,,4zxb,Mus musculus,Fab 83-14 light chain,,,,
120,P14350,4,,3os1,Human spumaretrovirus,itegrase,,,,
120,none,2,,3os1,Human spumaretrovirus,DNA,,,,
120,none,2,,3os1,Human spumaretrovirus,DNA,,,,
120,none,2,,3os1,Human spumaretrovirus,DNA,,,,
121,P06756,1,,1jv2,Homo sapiens,extracellular portion - Integrin alpha-V,,,,
121,P05106,1,,1jv2,Homo sapiens,extracellular portion - Integrin beta-3,,,,
121,P08514,1,,2k9j,Homo sapiens,"short transmembrane section - Integrin alpha-IIb light chain, form 2",,,,
121,P05106,1,,2k9j,Homo sapiens,short transmembrane section - Integrin beta-3,,,,
121,P08514,1,,1m8o,Homo sapiens,"Two short cytoplasmic tails - Integrin alpha-IIb light chain, form 2",,,,
121,P05106,1,,1m8o,Homo sapiens,Two short cytoplasmic tails - Integrin beta-3,,,,
122,P17255,1,,1jva,Saccharomyces cerevisiae,Endonuclease PI-SceI,,,,
123,P01563,1,,1itf,Homo sapiens,alpha,,,,
123,P01574,2,,1au1,Homo sapiens,beta,,,,
123,P07353,2,,1rfb,Bos taurus,gamma,,,,
124,P28834,2,,3blw,Saccharomyces cerevisiae,yeast,,,,
124,P28241,2,,3blw,Saccharomyces cerevisiae,,,,,
124,P08200,2,,9icd,Escherichia coli,bacteria,,,,
125,Q9AR86,1,,3n0g,Populus tremula x Populus alba,"Isoprene synthase, chloroplastic",,,,
126,P56536,2,,3kin,Rattus norvegicus,Kinesin heavy chain isoform 5C,,,,
126,Q6QLM7,2,,3kin,Rattus norvegicus,Kinesin heavy chain isoform 5A,,,,
127,P03023,4,,1tlf,Escherichia coli,Lactose operon repressor,,,,
128,P00341,4,,3ldh,Squalus acanthias,,,,,
129,P05373,8,,1qnv,Saccharomyces cerevisiae,Delta-aminolevulinic acid dehydratase - each of 8 subunits contains 2 Pb,,,,
130,Q99538,2,,4awb,Homo sapiens,Legumain,,,,
130,none,2,,4awb,synthetic construct,Z-ALA-ALA-AZAASN-CHLOROMETHYLKETONE,,,,
131,P41159,1,,1ax8,Homo sapiens,,,,,
132,P13129,1,,2d1s,Luciola cruciata,Luciferin 4-monooxygenase,,,,
133,P00698,1,,2lyz,Gallus gallus,Lysozyme C,,,,
134,P01889,1,,1hsa,Homo sapiens,"HLA class I histocompatibility antigen, B alpha chain",,,,
134,P61769,1,,1hsa,Homo sapiens,Beta-2-microglobulin,,,,
134,none,1,,1hsa,Homo sapiens,MODEL PEPTIDE SEQUENCE - ARAAAAAAA,,,,
135,Q00987,1,,1ycr,Homo sapiens,E3 ubiquitin-protein ligase Mdm2,,,,
135,P04637,1,,1ycr,Homo sapiens,Cellular tumor antigen p53,,,,
136,P03523,1,,5a22,Vesicular stomatitis virus,RNA-directed RNA polymerase L (from different virus?),,,,
136,"Q77M42,Q89933",2,,5e4v,"Measles virus strain Edmonston-B, Measles virus strain Moraten",Nucleoprotein; Paramyxo_P_V_N domain-containing protein,,,,
136,Q83623,4,,3zdo,Measles morbillivirus,Phosphoprotein -Paramyxo_P_V_N domain-containing protein,,,,
136,Q77M42,1,,1t6o,Measles morbillivirus,Matrix protein - Paramyxo_P_V_N domain-containing protein,,,,
136,none,1,,1t6o,Measles morbillivirus,linker,,,,
136,Q77M43,1,,1t6o,Measles morbillivirus,nucleoprotein,,,,
136,P08362,2,,2zb5,Measles virus strain Edmonston-B,Hemagglutinin glycoprotein,,,,
136,Q786F3,3,,5yxw,Measles virus strain Ichinose-B95a,Fusion glycoprotein F2,,,,
136,Q786F3,3,,5yxw,Measles virus strain Ichinose-B95a,Fusion glycoprotein F1,,,,
137,P0C0S1,7,,2oau,Escherichia coli,Small-conductance mechanosensitive channel,,,,
138,O13297,2,,3kyh,Saccharomyces cerevisiae,mRNA-capping enzyme subunit beta,,,,
138,Q01159,2,,3kyh,Saccharomyces cerevisiae,mRNA-capping enzyme subunit alpha,,,,
138,Q8SR66,1,,1ri1,Encephalitozoon cuniculi,mRNA cap guanine-N7 methyltransferase (methylation),,,,
139,P11558,2,,1mro,Methanothermobacter marburgensis str. Marburg,Methyl-coenzyme M reductase I subunit alpha,,,,
139,P11560,2,,1mro,Methanothermobacter marburgensis str. Marburg,Methyl-coenzyme M reductase I subunit beta,,,,
139,P11562,2,,1mro,Methanothermobacter marburgensis str. Marburg,Methyl-coenzyme M reductase I subunit gamma,,,,
140,Q960Z0,42,,3j2u,Drosophila melanogaster,Kinesin-like protein Klp10A,,,,
140,P81947,84,,3j2u,Bos taurus,Tubulin alpha-1B chain,,,,
140,Q6B856,84,,3j2u,Bos taurus,Tubulin beta-2B chain,,,,
141,P02881,1,,3mon,Dioscoreophyllum cumminsii,Monellin chain A,,,,
141,P02882,1,,3mon,Dioscoreophyllum cumminsii,Monellin chain B,,,,
142,Q99T13,2,,2onj,Staphylococcus aureus,,,,,
143,P02185,1,,1mbn,Physeter catodon,,,,,
144,P24733,1,,1b7t,Argopecten irradians,"Myosin heavy chain, striated muscle",,,,
144,P13543,1,,1b7t,Argopecten irradians,"Myosin regulatory light chain, striated adductor muscle",,,,
144,P07291,1,,1b7t,Argopecten irradians,"Myosin essential light chain, striated adductor muscle",,,,
145,none,1,,1mel,Camelus dromedarius,VH SINGLE-DOMAIN ANTIBODY,,,,
145,P00698,1,,1mel,Gallus gallus,Lysozyme C,,,,
146,Q8X9Y5,1,,4v6m,Escherichia coli O157:H7,Cell division protein FtsQ,,,,
146,P02647,2,,4v6m,Homo sapiens,Truncated apolipoprotein A-I,,,,
146,P0A7V0,1,,4v6m,Escherichia coli K-12,30S ribosomal protein S2,,,,
146,P0A7V3,1,,4v6m,Escherichia coli K-12,30S ribosomal protein S3,,,,
146,P0A7V8,1,,4v6m,Escherichia coli K-12,30S ribosomal protein S4,,,,
146,P0A7W1,1,,4v6m,Escherichia coli K-12,30S ribosomal protein S5,,,,
146,P02358,1,,4v6m,Escherichia coli K-12,30S ribosomal protein S6,,,,
146,P02359,1,,4v6m,Escherichia coli K-12,30S ribosomal protein S7,,,,
146,P0A7W7,1,,4v6m,Escherichia coli K-12,30S ribosomal protein S8,,,,
146,P0A7X3,1,,4v6m,Escherichia coli K-12,30S ribosomal protein S9,,,,
146,P0A7R5,1,,4v6m,Escherichia coli K-12,30S ribosomal protein S10,,,,
146,P0A7R9,1,,4v6m,Escherichia coli K-12,30S ribosomal protein S11,,,,
146,P0A7S3,1,,4v6m,Escherichia coli K-12,30S ribosomal protein S12,,,,
146,P0ADZ4,1,,4v6m,Escherichia coli K-12,30S ribosomal protein S15,,,,
146,P0AG59,1,,4v6m,Escherichia coli K-12,30S ribosomal protein S14,,,,
146,none,1,,4v6m,Escherichia coli K-12,30S ribosomal protein S15 (twice?),,,,
146,P0A7T3,1,,4v6m,Escherichia coli K-12,30S ribosomal protein S16,,,,
146,P0AG63,1,,4v6m,Escherichia coli K-12,30S ribosomal protein S17,,,,
146,P0A7T7,1,,4v6m,Escherichia coli K-12,30S ribosomal protein S18,,,,
146,P0A7U3,1,,4v6m,Escherichia coli K-12,30S ribosomal protein S19,,,,
146,P0A7U7,1,,4v6m,Escherichia coli K-12,30S ribosomal protein S20,,,,
146,P68679,1,,4v6m,Escherichia coli K-12,30S ribosomal protein S21,,,,
146,none,1,,4v6m,Escherichia coli 536,Preprotein translocase secY subunit,,,,
146,none,1,,4v6m,Escherichia coli 536,Preprotein translocase secE subunit,,,,
146,P0A7L0,1,,4v6m,Escherichia coli K-12,50S ribosomal protein L1,,,,
146,P60422,1,,4v6m,Escherichia coli K-12,50S ribosomal protein L2,,,,
146,P60438,1,,4v6m,Escherichia coli K-12,50S ribosomal protein L3,,,,
146,P60723,1,,4v6m,Escherichia coli K-12,50S ribosomal protein L4,,,,
146,P62399,1,,4v6m,Escherichia coli K-12,50S ribosomal protein L5,,,,
146,P0AG55,1,,4v6m,Escherichia coli K-12,50S ribosomal protein L6,,,,
146,P0A7R1,1,,4v6m,Escherichia coli K-12,50S ribosomal protein L9,,,,
146,P0A7J7,1,,4v6m,Escherichia coli K-12,50S ribosomal protein L11,,,,
146,P0AA10,1,,4v6m,Escherichia coli K-12,50S ribosomal protein L13,,,,
146,P0ADY3,1,,4v6m,Escherichia coli K-12,50S ribosomal protein L14,,,,
146,P02413,1,,4v6m,Escherichia coli K-12,50S ribosomal protein L15,,,,
146,P0ADY7,1,,4v6m,Escherichia coli K-12,50S ribosomal protein L16,,,,
146,P0AG44,1,,4v6m,Escherichia coli K-12,50S ribosomal protein L17,,,,
146,P0C018,1,,4v6m,Escherichia coli K-12,50S ribosomal protein L18,,,,
146,P0A7K6,1,,4v6m,Escherichia coli K-12,50S ribosomal protein L19,,,,
146,P0A7L3,1,,4v6m,Escherichia coli K-12,50S ribosomal protein L20,,,,
146,P0AG48,1,,4v6m,Escherichia coli K-12,50S ribosomal protein L21,,,,
146,P61175,1,,4v6m,Escherichia coli K-12,50S ribosomal protein L22,,,,
146,P0ADZ0,1,,4v6m,Escherichia coli K-12,50S ribosomal protein L23,,,,
146,P60624,1,,4v6m,Escherichia coli K-12,50S ribosomal protein L24,,,,
146,P68919,1,,4v6m,Escherichia coli K-12,50S ribosomal protein L25,,,,
146,P0A7L8,1,,4v6m,Escherichia coli K-12,50S ribosomal protein L27,,,,
146,P0A7M2,1,,4v6m,Escherichia coli K-12,50S ribosomal protein L28,,,,
146,P0A7M6,1,,4v6m,Escherichia coli K-12,50S ribosomal protein L29,,,,
146,P0AG51,1,,4v6m,Escherichia coli K-12,50S ribosomal protein L30,,,,
146,P0A7N4,1,,4v6m,Escherichia coli K-12,50S ribosomal protein L32,,,,
146,P0A7N9,1,,4v6m,Escherichia coli K-12,50S ribosomal protein L33,,,,
146,P0A7P5,1,,4v6m,Escherichia coli K-12,50S ribosomal protein L34,,,,
146,P0A7Q1,1,,4v6m,Escherichia coli K-12,50S ribosomal protein L35,,,,
146,P0A7Q6,1,,4v6m,Escherichia coli K-12,50S ribosomal protein L36,,,,
146,none,1,,4v6m,none,16S ribosomal RNA,,,,
146,none,1,,4v6m,none,Messenger RNA,,,,
146,none,1,,4v6m,none,FtsQ nascent chain,,,,
146,none,1,,4v6m,none,5S ribosomal RNA,,,,
146,none,1,,4v6m,none,23S ribosomal RNA,,,,
147,Q7K4Y6,1,,4m48,Drosophila melanogaster,Sodium-dependent dopamine transporter,,,,
147,none,1,,4m48,Mus musculus,"9D5 antibody, light chain",,,,
147,none,1,,4m48,Mus musculus,"9D5 antibody, heavy chain",,,,
148,P01139,2,,1bet,Mus musculus,Beta-nerve growth factor,,,,
149,C7C422,1,,4wyl,Klebsiella pneumoniae,Metallo-beta-lactamase type 2,,,,
150,P29477,2,,1nod,Mus musculus,"Nitric oxide synthase, inducible",,,,
150,P29476,2,,1om4,Rattus norvegicus,"Nitric oxide synthase, brain",,,,
150,P29476,2,,1tll,Rattus norvegicus,"Nitric oxide synthase, brain",,,,
150,P62149,1,,2o60,Gallus gallus,Calmodulin,,,,
150,Q9Z0J4,1,,2o60,Mus musculus,"Nitric oxide synthase, brain",,,,
151,P07328,2,,1n2c,Azotobacter vinelandii,Nitrogenase molybdenum-iron protein alpha chain,,,,
151,P07329,2,,1n2c,Azotobacter vinelandii,Nitrogenase molybdenum-iron protein beta chain,,,,
151,P00459,4,,1n2c,Azotobacter vinelandii,Nitrogenase iron protein 1,,,,
152,Q8NFH3,32,,5a9q,Homo sapiens,Nucleoporin Nup43,,,,
152,Q12769,32,,5a9q,Homo sapiens,Nuclear pore complex protein Nup160,,,,
152,Q8NFH4,32,,5a9q,Homo sapiens,Nucleoporin Nup37,,,,
152,Q8WUM0,32,,5a9q,Homo sapiens,Nuclear pore complex protein Nup133,,,,
152,P57740,32,,5a9q,Homo sapiens,Nuclear pore complex protein Nup107,,,,
152,P52948,32,,5a9q,Homo sapiens,Nuclear pore complex protein Nup96,,,,
152,P55735,32,,5a9q,Homo sapiens,Protein SEC13 homolog,,,,
152,Q96EE3,32,,5a9q,Homo sapiens,Nucleoporin SEH1,,,,
152,Q9BW27,32,,5a9q,Homo sapiens,Nuclear pore complex protein Nup85,,,,
152,O75694,16,,5a9q,Homo sapiens,Nuclear pore complex protein Nup155,,,,
152,O75694,48,,5ijn,Homo sapiens,Nuclear pore complex protein Nup155,,,,
152,Q8N1F7,32,,5ijn,Homo sapiens,Nuclear pore complex protein Nup93,,,,
152,Q92621,32,,5ijn,Homo sapiens,Nuclear pore complex protein Nup205,,,,
152,Q7Z3B4,32,,5ijn,Homo sapiens,Nucleoporin p54,,,,
152,Q9BVL2,32,,5ijn,Homo sapiens,Nucleoporin p58/p45,,,,
152,P37198,32,,5ijn,Homo sapiens,Nuclear pore glycoprotein p62,,,,
153,P02302,2,,1aoi,Xenopus laevis,Histone H3.3C,,,,
153,P62799,2,,1aoi,Xenopus laevis,Histone H4,,,,
153,P06897,2,,1aoi,Xenopus laevis,Histone H2A type 1,,,,
153,P02281,2,,1aoi,Xenopus laevis,Histone H2B 1.1,,,,
153,none,2,,1aoi,Xenopus laevis,PALINDROMIC 146 BP DNA REPEAT 8/9 FROM HUMAN X-CHROMOSOME ALPHA SATELLITE DNA,,,,
154,O15294,1,,3pe4,Homo sapiens,UDP-N-acetylglucosamine--peptide N-acetylglucosaminyltransferase 110 kDa subunit,,,,
154,P68400,1,,3pe4,Homo sapiens,Casein kinase II subunit alpha,,,,
155,P14859,1,,1gt0,Homo sapiens,"POU domain, class 2, transcription factor 1",,,,
155,P48432,1,,1gt0,Mus musculus,Transcription factor SOX-2,,,,
155,none,1,,1gt0,none,5'-D(*TP*TP*CP*TP*TP*TP*GP*TP*TP*TP* GP*GP*AP* TP*GP*CP*TP*AP*AP*TP*GP*GP*GP*A)-3',,,,
155,none,1,,1gt0,none,5'-D(*AP*TP*CP*CP*CP*AP*TP*TP*AP*GP* CP*AP*TP*CP*CP*AP*AP*AP*CP*AP*AP*AP*GP*A)-3',,,,
156,"P00720,P42866",2,,4dkl,"Mus musculus, Escherichia virus T4",Endolysin; Mu-type opioid receptor,,,,
157,P48449,1,,1w6k,Homo sapiens,Lanosterol synthase,,,,
158,P21447,1,,3g61,Mus musculus,ATP-dependent translocase ABCB1,,,,
159,P04637,4,,1olg,Homo sapiens,tetramerization domain,,,,
159,P04637,3,,1tup,Homo sapiens,large DNA-binding domain,,,,
159,none,1,,1tup,Homo sapiens,DNA,,,,
159,none,1,,1tup,Homo sapiens,DNA,,,,
159,P56273,2,,1ycq,Xenopus laevis,transactivation domain (E3 ubiquitin-protein ligase Mdm2),,,,
159,P04637,2,,1ycq,Homo sapiens,transactivation domain (Cellular tumor antigen p53),,,,
160,P24840,60,,1fpv,Feline panleukopenia virus,Capsid protein VP1,,,,
161,Q9NZQ7,1,,3bik,Homo sapiens,Programmed cell death 1 ligand 1,,,,
161,Q02242,1,,3bik,Mus musculus,Programmed cell death protein 1,,,,
162,P15555,1,,3pte,Streptomyces sp. R61,D-alanyl-D-alanine carboxypeptidase,,,,
163,P00791,1,,5pep,Sus scrofa,,,,,
164,P00439,4,,2pah,Homo sapiens,catalytic and tetramerization domains,,,,
164,P04176,2,,1phz,Rattus norvegicus,regulatory domain,,,,
165,P00593,1,,1bp2,Bos taurus,,,,,
166,P16113,1,,2pyp,Halorhodospira halophila,,,,,
167,P0A405,3,,1jb0,,Photosystem I P700 chlorophyll a apoprotein A1,,,,
167,P0A407,3,,1jb0,,Photosystem I P700 chlorophyll a apoprotein A2,,,,
167,P0A415,3,,1jb0,,Photosystem I iron-sulfur center,,,,
167,P0A420,3,,1jb0,,Photosystem I reaction center subunit II,,,,
167,P0A423,3,,1jb0,,Photosystem I reaction center subunit IV,,,,
167,P0A401,3,,1jb0,,Photosystem I reaction center subunit III,,,,
167,P0A427,3,,1jb0,,Photosystem I reaction center subunit VIII,,,,
167,P0A429,3,,1jb0,,Photosystem I reaction center subunit IX,,,,
167,P0A425,3,,1jb0,,Photosystem I reaction center subunit PsaK,,,,
167,Q8DGB4,3,,1jb0,,Photosystem I reaction center subunit XI,,,,
167,P0A403,3,,1jb0,,Photosystem I reaction center subunit XII,,,,
167,Q8DKP6,3,,1jb0,,Photosystem I 4.8K protein,,,,
168,P0A444,1,,1s5l,,Photosystem II protein D1 1,,,,
168,Q8DIQ1,1,,1s5l,,Photosystem II CP47 reaction center protein,,,,
168,Q8DIF8,1,,1s5l,,Photosystem II CP43 reaction center protein,,,,
168,Q8CM25,1,,1s5l,,Photosystem II D2 protein,,,,
168,Q8DIP0,1,,1s5l,,Cytochrome b559 subunit alpha,,,,
168,Q8DIN9,1,,1s5l,,Cytochrome b559 subunit beta,,,,
168,Q8DJ43,1,,1s5l,,Photosystem II reaction center protein H,,,,
168,Q8DJZ6,1,,1s5l,,Photosystem II reaction center protein I,,,,
168,P59087,1,,1s5l,,Photosystem II reaction center protein J,,,,
168,Q9F1K9,1,,1s5l,,Photosystem II reaction center protein K,,,,
168,Q8DIN8,1,,1s5l,,Photosystem II reaction center protein L,,,,
168,Q8DHA7,1,,1s5l,,Photosystem II reaction center protein M,,,,
168,P0A431,1,,1s5l,,Photosystem II manganese-stabilizing polypeptide,,,,
168,Q8DIQ0,1,,1s5l,,Photosystem II reaction center protein T,,,,
168,Q9F1L5,1,,1s5l,,Photosystem II 12 kDa extrinsic protein,,,,
168,P0A386,1,,1s5l,,Cytochrome c-550,,,,
168,Q9F1R6,1,,1s5l,,Photosystem II reaction center X protein,,,,
168,none,1,,1s5l,,Photosystem II PsbN protein,,,,
168,Q8DHJ2,1,,1s5l,,hotosystem II reaction center protein Z,,,,
169,O48963,2,,2z6c,Arabidopsis thaliana,LOV domain,,,,
169,O48963,2,,4hhd,Arabidopsis thaliana,LOV domain,,,,
169,P05132,1,,1atp,Mus musculus,kinase domain: cAMP-dependent protein kinase catalytic subunit alpha,,,,
169,P63248,1,,1atp,Mus musculus,kinase domain: cAMP-dependent protein kinase inhibitor alpha,,,,
170,P07102,1,,1dkq,Escherichia coli,,,,,
171,E2JF22,3,,6b3r,Mus musculus,Piezo-type mechanosensitive ion channel component 1,,,,
171,none,3,,6b3r,Mus musculus,"Piezo-type mechanosensitive ion channel component 1, unknown fragment",,,,
172,none,35,,3jc8,Myxococcus xanthus DK 1622,PilA,,,,
172,Q1D098,6,,3jc8,Myxococcus xanthus DK 1623,T2SP_E domain-containing protein,,,,
172,Q1D0A0,2,,3jc8,Myxococcus xanthus DK 1624,Type 4 fimbrial assembly protein PilC,,,,
172,Q306N5,12,,3jc8,Myxococcus xanthus DK 1625,Type IV pilus biogenesis protein PilN,,,,
172,Q306N4,12,,3jc8,Myxococcus xanthus DK 1626,Type IV pilus biogenesis protein PilO,,,,
172,Q1D0B0,12,,3jc8,Myxococcus xanthus DK 1627,FtsA domain-containing protein,,,,
172,Q9ZFG1,12,,3jc8,Myxococcus xanthus DK 1628,STN domain-containing protein,,,,
172,Q306N3,12,,3jc8,Myxococcus xanthus DK 1629,PilP,,,,
172,Q1D813,12,,3jc8,Myxococcus xanthus DK 1630,LysM domain-containing protein,,,,
173,P03300,60,,2plv,Human poliovirus 1 Mahoney,poliovirus- Capsid protein VP1,,,,
173,P03300,60,,2plv,Human poliovirus 1 Mahoney,poliovirus -Capsid protein VP2,,,,
173,P03300,60,,2plv,Human poliovirus 1 Mahoney,poliovirus -Capsid protein VP3,,,,
173,P03300,60,,2plv,Human poliovirus 1 Mahoney,poliovirus -Capsid protein VP4,,,,
173,P03303,60,,4rhv,Rhinovirus B14,rhinovirus- Capsid protein VP1,,,,
173,P03303,60,,4rhv,Rhinovirus B14,rhinovirus- Capsid protein VP2,,,,
173,P03303,60,,4rhv,Rhinovirus B14,rhinovirus- Capsid protein VP3,,,,
173,P03303,60,,4rhv,Rhinovirus B14,rhinovirus- Capsid protein VP4,,,,
173,Q84771,60,,1bbt,Foot-and-mouth disease virus,foot and mouth disease- Capsid proteins P88,,,,
173,Q84771,60,,1bbt,Foot-and-mouth disease virus,foot and mouth disease- Capsid proteins P88,,,,
173,Q84771,60,,1bbt,Foot-and-mouth disease virus,foot and mouth disease- Capsid proteins P88,,,,
173,O90754,60,,1bbt,Foot-and-mouth disease virus,foot and mouth disease- Capsid ,,,,
174,P29468,1,,1fa0,Saccharomyces cerevisiae,,,,,
175,P0A334,4,,1bl8,Streptomyces lividans,pH-gated potassium channel KcsA,,,,
176,P04156,1,,1qm2,Homo sapiens,large domain - Major prion protein - fragment 121-230,,,,
176,P04156,1,,1oei,Homo sapiens,Major prion protein - fragment 61-84,,,,
176,P10279,1,,1skh,Bos taurus,Major prion protein -N-terminal (1-30) of bovine Prion protein,,,,
177,P38624,1,,4cr2,Saccharomyces cerevisiae,Proteasome subunit beta type-1,,,,
177,P25043,1,,4cr2,Saccharomyces cerevisiae,Proteasome subunit beta type-2,,,,
177,P25451,1,,4cr2,Saccharomyces cerevisiae,Proteasome subunit beta type-3,,,,
177,P22141,1,,4cr2,Saccharomyces cerevisiae,Proteasome subunit beta type-4,,,,
177,P30656,1,,4cr2,Saccharomyces cerevisiae,Proteasome subunit beta type-5,,,,
177,P23724,1,,4cr2,Saccharomyces cerevisiae,Proteasome subunit beta type-6,,,,
177,P30657,1,,4cr2,Saccharomyces cerevisiae,Proteasome subunit beta type-7,,,,
177,P21243,1,,4cr2,Saccharomyces cerevisiae,Proteasome subunit alpha type-1,,,,
177,P23639,1,,4cr2,Saccharomyces cerevisiae,Proteasome subunit alpha type-2,,,,
177,P23638,1,,4cr2,Saccharomyces cerevisiae,Proteasome subunit alpha type-3,,,,
177,P40303,1,,4cr2,Saccharomyces cerevisiae,Proteasome subunit alpha type-4,,,,
177,P32379,1,,4cr2,Saccharomyces cerevisiae,Proteasome subunit alpha type-5,,,,
177,P40302,1,,4cr2,Saccharomyces cerevisiae,Proteasome subunit alpha type-6,,,,
177,P21242,1,,4cr2,Saccharomyces cerevisiae,Probable proteasome subunit alpha type-7,,,,
177,P33299,1,,4cr2,Saccharomyces cerevisiae,26S proteasome regulatory subunit 7 homolog,,,,
177,P40327,1,,4cr2,Saccharomyces cerevisiae,26S proteasome regulatory subunit 4 homolog,,,,
177,Q01939,1,,4cr2,Saccharomyces cerevisiae,26S proteasome regulatory subunit 8 homolog,,,,
177,P33298,1,,4cr2,Saccharomyces cerevisiae,26S proteasome regulatory subunit 6B homolog,,,,
177,P53549,1,,4cr2,Saccharomyces cerevisiae,26S proteasome subunit RPT4,,,,
177,P33297,1,,4cr2,Saccharomyces cerevisiae,26S proteasome regulatory subunit 6A,,,,
177,P32565,1,,4cr2,Saccharomyces cerevisiae,26S proteasome regulatory subunit RPN2,,,,
177,Q04062,1,,4cr2,Saccharomyces cerevisiae,26S proteasome regulatory subunit RPN9,,,,
177,Q12250,1,,4cr2,Saccharomyces cerevisiae,26S proteasome regulatory subunit RPN5,,,,
177,Q12377,1,,4cr2,Saccharomyces cerevisiae,26S proteasome regulatory subunit RPN6,,,,
177,Q06103,1,,4cr2,Saccharomyces cerevisiae,26S proteasome regulatory subunit RPN7,,,,
177,P40016,1,,4cr2,Saccharomyces cerevisiae,26S proteasome regulatory subunit RPN3,,,,
177,P32496,1,,4cr2,Saccharomyces cerevisiae,26S proteasome regulatory subunit RPN12,,,,
177,Q08723,1,,4cr2,Saccharomyces cerevisiae,26S proteasome regulatory subunit RPN8,,,,
177,P43588,1,,4cr2,Saccharomyces cerevisiae,Ubiquitin carboxyl-terminal hydrolase RPN11,,,,
177,P38886,1,,4cr2,Saccharomyces cerevisiae,26S proteasome regulatory subunit RPN10,,,,
177,O13563,1,,4cr2,Saccharomyces cerevisiae,26S proteasome regulatory subunit RPN13,,,,
177,O94742,1,,4cr2,Saccharomyces cerevisiae,26S proteasome complex subunit SEM1,,,,
177,P38764,1,,4cr2,Saccharomyces cerevisiae,26S proteasome regulatory subunit RPN1,,,,
178,Q8HYY9,2,,1q8h,Sus scrofa,Osteocalcin,,,,
178,P83514,1,,4uww,Struthio camelus,Struthiocalcin-1,,,,
179,none,4,,5et3,synthetic construct,Fullerene Organizing Protein (C60Sol-COP-3),,,,
180,P56874,6,,3ux4,Helicobacter pylori J99,Acid-activated urea channel,,,,
181,P10802,24,,1eaa,Azotobacter vinelandii,central core- Dihydrolipoyllysine-residue acetyltransferase component of pyruvate dehydrogenase complex,,,,
181,P11961,1,,1lac,Geobacillus stearothermophilus,carrier domains - Dihydrolipoyllysine-residue acetyltransferase component of pyruvate dehydrogenase complex,,,,
181,P21873,2,,1w85,Geobacillus stearothermophilus,enzyme 1 - Pyruvate dehydrogenase E1 component subunit alpha,,,,
181,P21874,2,,1w85,Geobacillus stearothermophilus,enzyme 1 - Pyruvate dehydrogenase E1 component subunit beta,,,,
181,P11961,1,,1w85,Geobacillus stearothermophilus,enzyme 1 - Dihydrolipoyllysine-residue acetyltransferase component of pyruvate dehydrogenase complex,,,,
181,P11959,2,,1ebd,Geobacillus stearothermophilus,enzyme 2 - Dihydrolipoyl dehydrogenase,,,,
181,P11961,1,,1ebd,Geobacillus stearothermophilus,enzyme 2 - Dihydrolipoyllysine-residue acetyltransferase component of pyruvate dehydrogenase complex,,,,
182,P03606,60,,2buk,unidentified tobacco necrosis virus,T1 satellite tabacco necrosis virus,,,,
182,P11795,180,,2tbv,Tomato bushy stunt virus,T3 tomato bushy stunt virus,,,,
182,Q4TVT6,240,,1ohf,Nudaurelia capensis omega virus,T4 Nudaurelia Capensis Omega Virus,,,,
182,P49861,420,,1ohg,Escherichia virus HK97,T7 Bacteriophage HK97,,,,
183,P01112,1,,3kud,Homo sapiens,"RAS - GTPase HRas, N-terminally processed",,,,
183,P04049,1,,3kud,Homo sapiens,RAS - RAF proto-oncogene serine/threonine-protein kinase,,,,
183,P04049,1,,1far,Homo sapiens,RAF - RAF proto-oncogene serine/threonine-protein kinase,,,,
183,Q02750,2,,4mne,Homo sapiens,MEK - Dual specificity mitogen-activated protein kinase kinase 1,,,,
183,P15056,2,,4mne,Homo sapiens,MEK - Serine/threonine-protein kinase B-raf,,,,
184,P01112,2,,5p21,Homo sapiens,,,,,
185,P0A7G6,1,,3cmx,Escherichia coli K-12,Protein RecA,,,,
185,none,1,,3cmx,,DNA,,,,
185,none,1,,3cmx,,DNA,,,,
185,Q06609,7,,5h1b,Homo sapiens,DNA repair protein RAD51 homolog 1,,,,
186,Q15109,1,,4lp5,Homo sapiens,Advanced glycosylation end product-specific receptor,,,,
187,P00642,2,,1eri,Escherichia coli,Type-2 restriction enzyme EcoRI,,,,
187,none,2,,1eri,Escherichia coli,DNA,,,,
188,P02699,2,,1f88,Bos taurus,,,,,
189,P09391,1,,2ic8,Escherichia coli,Rhomboid protease GlpG,,,,
190,P61823,1,,5rsa,Bos taurus,Ribonuclease pancreatic,,,,
191,P00452,2,,3r1r,Escherichia coli,Ribonucleoside-diphosphate reductase 1 subunit alpha,,,,
191,P69924,2,,1mrr,Escherichia coli,Ribonucleoside-diphosphate reductase 1 subunit beta,,,,
192,P80371,1,,4v5d,Thermus thermophilus HB8,30S ribosomal protein S2,,,,
192,P80372,1,,4v5d,Thermus thermophilus HB9,30S ribosomal protein S3,,,,
192,P80373,1,,4v5d,Thermus thermophilus HB10,30S ribosomal protein S4,,,,
192,Q5SHQ5,1,,4v5d,Thermus thermophilus HB11,30S ribosomal protein S5,,,,
192,Q5SLP8,1,,4v5d,Thermus thermophilus HB12,30S ribosomal protein S6,,,,
192,P17291,1,,4v5d,Thermus thermophilus HB13,30S ribosomal protein S7,,,,
192,A0A0M9AFS9,1,,4v5d,Thermus thermophilus HB14,30S ribosomal protein S8,,,,
192,P62669,1,,4v5d,Thermus thermophilus HB15,30S ribosomal protein S9,,,,
192,Q5SHN7,1,,4v5d,Thermus thermophilus HB16,30S ribosomal protein S10,,,,
192,P80376,1,,4v5d,Thermus thermophilus HB17,30S ribosomal protein S11,,,,
192,Q5SHN3,1,,4v5d,Thermus thermophilus HB18,30S ribosomal protein S12,,,,
192,P80377,1,,4v5d,Thermus thermophilus HB19,30S ribosomal protein S13,,,,
192,P0DOY6,1,,4v5d,Thermus thermophilus HB20,30S ribosomal protein S14 type Z,,,,
192,Q5SJ76,1,,4v5d,Thermus thermophilus HB21,30S ribosomal protein S15,,,,
192,Q5SJH3,1,,4v5d,Thermus thermophilus HB22,30S ribosomal protein S16,,,,
192,P0DOY7,1,,4v5d,Thermus thermophilus HB23,30S ribosomal protein S17,,,,
192,Q5SLQ0,1,,4v5d,Thermus thermophilus HB24,30S ribosomal protein S18,,,,
192,Q5SHP2,1,,4v5d,Thermus thermophilus HB25,30S ribosomal protein S19,,,,
192,P80380,1,,4v5d,Thermus thermophilus HB26,30S ribosomal protein S20,,,,
192,Q5SIH3,1,,4v5d,Thermus thermophilus HB27,30S ribosomal protein Thx,,,,
192,P60493,1,,4v5d,Thermus thermophilus HB28,50S ribosomal protein L27,,,,
192,P60494,1,,4v5d,Thermus thermophilus HB29,50S ribosomal protein L28,,,,
192,Q5SHP6,1,,4v5d,Thermus thermophilus HB30,50S ribosomal protein L29,,,,
192,Q5SHQ6,1,,4v5d,Thermus thermophilus HB31,50S ribosomal protein L30,,,,
192,Q5SJE1,1,,4v5d,Thermus thermophilus HB32,50S ribosomal protein L31,,,,
192,P80339,1,,4v5d,Thermus thermophilus HB33,50S ribosomal protein L32,,,,
192,P35871,1,,4v5d,Thermus thermophilus HB34,50S ribosomal protein L33,,,,
192,P80340,1,,4v5d,Thermus thermophilus HB35,50S ribosomal protein L34,,,,
192,Q5SKU1,1,,4v5d,Thermus thermophilus HB36,50S ribosomal protein L35,,,,
192,Q5SHR2,1,,4v5d,Thermus thermophilus HB37,50S ribosomal protein L36,,,,
192,Q5SLP7,1,,4v5d,Thermus thermophilus HB38,50S ribosomal protein L1,,,,
192,P60405,1,,4v5d,Thermus thermophilus HB39,50S ribosomal protein L2,,,,
192,Q5SHN8,1,,4v5d,Thermus thermophilus HB40,50S ribosomal protein L3,,,,
192,Q5SHN9,1,,4v5d,Thermus thermophilus HB41,50S ribosomal protein L4,,,,
192,Q5SHQ0,1,,4v5d,Thermus thermophilus HB42,50S ribosomal protein L5,,,,
192,P0DOY8,1,,4v5d,Thermus thermophilus HB43,50S ribosomal protein L6,,,,
192,Q5SLQ1,1,,4v5d,Thermus thermophilus HB44,50S ribosomal protein L9,,,,
192,P60488,1,,4v5d,Thermus thermophilus HB45,50S ribosomal protein L13,,,,
192,Q5SHP8,1,,4v5d,Thermus thermophilus HB46,50S ribosomal protein L14,,,,
192,Q5SHQ7,1,,4v5d,Thermus thermophilus HB47,50S ribosomal protein L15,,,,
192,P60489,1,,4v5d,Thermus thermophilus HB48,50S ribosomal protein L16,,,,
192,Q9Z9H5,1,,4v5d,Thermus thermophilus HB49,50S ribosomal protein L17,,,,
192,Q5SHQ4,1,,4v5d,Thermus thermophilus HB50,50S ribosomal protein L18,,,,
192,P60490,1,,4v5d,Thermus thermophilus HB51,50S ribosomal protein L19,,,,
192,P60491,1,,4v5d,Thermus thermophilus HB52,50S ribosomal protein L20,,,,
192,P60492,1,,4v5d,Thermus thermophilus HB53,50S ribosomal protein L21,,,,
192,Q5SHP3,1,,4v5d,Thermus thermophilus HB54,50S ribosomal protein L22,,,,
192,Q5SHP0,1,,4v5d,Thermus thermophilus HB55,50S ribosomal protein L23,,,,
192,Q5SHP9,1,,4v5d,Thermus thermophilus HB56,50S ribosomal protein L24,,,,
192,Q5SHZ1,1,,4v5d,Thermus thermophilus HB57,50S ribosomal protein L25,,,,
192,none,1,,4v5d,Thermus thermophilus HB58,16S ribosomal RNA,,,,
192,none,2,,4v5d,Thermus thermophilus HB59,P AND A-SITE PHE-TRNA PHE,,,,
192,none,1,,4v5d,Thermus thermophilus HB60,E-SITE TRNA PHE,,,,
192,none,1,,4v5d,Thermus thermophilus HB61,Messenger RNA,,,,
192,none,1,,4v5d,Thermus thermophilus HB62,23S ribosomal RNA,,,,
192,none,1,,4v5d,Thermus thermophilus HB63,5S ribosomal RNA,,,,
193,none,1,,4fe5,Bacillus subtilis,xpt-pbuX guanine riboswitch aptamer domain,,,,
194,P02879,1,,2aai,Ricinus communis,Ricin A chain,,,,
194,P02879,1,,2aai,Ricinus communis,Ricin B chain,,,,
195,P04050,1,,1i6h,Saccharomyces cerevisiae,DNA-directed RNA polymerase II subunit RPB1,,,,
195,P08518,1,,1i6h,Saccharomyces cerevisiae,DNA-directed RNA polymerase II subunit RPB2,,,,
195,P16370,1,,1i6h,Saccharomyces cerevisiae,DNA-directed RNA polymerase II subunit RPB3,,,,
195,P20434,1,,1i6h,Saccharomyces cerevisiae,"DNA-directed RNA polymerases I, II, and III subunit RPABC1",,,,
195,P20435,1,,1i6h,Saccharomyces cerevisiae,"DNA-directed RNA polymerases I, II, and III subunit RPABC2",,,,
195,P20436,1,,1i6h,Saccharomyces cerevisiae,"DNA-directed RNA polymerases I, II, and III subunit RPABC3",,,,
195,P27999,1,,1i6h,Saccharomyces cerevisiae,DNA-directed RNA polymerase II subunit RPB9,,,,
195,P22139,1,,1i6h,Saccharomyces cerevisiae,"DNA-directed RNA polymerases I, II, and III subunit RPABC5",,,,
195,P38902,1,,1i6h,Saccharomyces cerevisiae,DNA-directed RNA polymerase II subunit RPB11,,,,
195,P40422,1,,1i6h,Saccharomyces cerevisiae,"DNA-directed RNA polymerases I, II, and III subunit RPABC4",,,,
195,none,1,,1i6h,,DNA,,,,
195,none,1,,1i6h,,DNA,,,,
196,P00875,8,,1rcx,Spinacia oleracea,Ribulose bisphosphate carboxylase large chain,,,,
196,P00870,8,,1rcx,Spinacia oleracea,Ribulose bisphosphate carboxylase small chain,,,,
197,P69905,2,,1buw,Homo sapiens,Hemoglobin subunit alpha,,,,
197,P68871,2,,1buw,Homo sapiens,Hemoglobin subunit beta,,,,
198,Q6P6M7,4,,3bc8,Mus musculus,O-phosphoseryl-tRNA(Sec) selenium transferase,,,,
199,O67139,2,,2yye,Aquifex aeolicus VF5,"Selenide, water dikinase",,,,
200,P09012,1,,1u6b,Homo sapiens,U1 small nuclear ribonucleoprotein A,,,,
200,none,1,,1u6b,Homo sapiens,197-MER,,,,
200,none,1,,1u6b,Homo sapiens,RNA,,,,
200,none,1,,1u6b,Homo sapiens,RNA,,,,
201,P23979,5,,6be1,Mus musculus,5-hydroxytryptamine receptor 3A,,,,
202,P01009,1,,1psi,Homo sapiens,Alpha-1-antitrypsin,,,,
203,P02768,1,,1e7i,Homo sapiens,,,,,
204,P80188,1,,3cmp,Homo sapiens,,,,,
205,P03087,360,,1sva,Macaca mulatta polyomavirus 1,Major capsid protein VP1,,,,
206,Q8N6T7,1,,5mf6,Homo sapiens,NAD-dependent protein deacetylase sirtuin-6,,,,
207,P04526,4,,3u5z,Escherichia virus T4,Sliding-clamp-loader gp44 subunit,,,,
207,P04527,1,,3u5z,Escherichia virus T4,Sliding-clamp-loader gp44 subunit,,,,
207,P04525,3,,3u5z,Escherichia virus T4,DNA polymerase clamp,,,,
207,none,1,,3u5z,,Template DNA strand,,,,
207,none,1,,3u5z,,Primer DNA strand,,,,
208,A8BQJ3,1,,2ffl,Giardia intestinalis,Endoribonuclease Dicer-like,,,,
208,O67434,1,,2f8s,Aquifex aeolicus,Small interfering RNA,,,,
208,none,2,,2f8s,Aquifex aeolicus,RNA,,,,
208,Q8U3D2,1,,1u04,Pyrococcus furiosus DSM 3638,argonaute,,,,
209,P63045,1,,1sfc,Rattus norvegicus,Vesicle-associated membrane protein 2,,,,
209,P32851,1,,1sfc,Rattus norvegicus,Syntaxin-1A,,,,
209,P60881,1,,1sfc,Rattus norvegicus,Synaptosomal-associated protein 25,,,,
209,P60881,1,,1sfc,Rattus norvegicus,Synaptosomal-associated protein 25,,,,
210,Q4H132,1,,2zxe,Squalus acanthias,Sodium/potassium-transporting ATPase subunit alpha,,,,
210,C4IX13,1,,2zxe,Squalus acanthias,Sodium/potassium-transporting ATPase subunit beta,,,,
210,Q70Q12,1,,2zxe,Squalus acanthias,FXYD domain-containing ion transport regulator,,,,
211,P12931,1,,2src,Homo sapiens,,,,,
212,P49891,2,,1aqu,Mus musculus,Sulfotransferase 1E1,,,,
213,Q8FDI4,4,,3ets,Escherichia coli CFT073,Arylsulfate sulfotransferase AssT,,,,
214,P00442,2,,2sod,Bos taurus,,,,,
215,P01738,1,,1tcr,Mus musculus,T-cell receptor alpha chain V region PHDS58,,,,
215,none,1,,1tcr,Mus musculus,"ALPHA, BETA T-CELL RECEPTOR (VB8.2DB2JB2.4CB2\;VA3JA58CA)",,,,
216,B2SU53,1,,3ugm,Xanthomonas oryzae pv. oryzae PXO99A,TAL effector protein PthXo1,,,,
216,none,1,,3ugm,Xanthomonas oryzae pv. oryzae PXO99A,DNA,,,,
216,none,1,,3ugm,Xanthomonas oryzae pv. oryzae PXO99A,DNA,,,,
217,P20226,1,,1tgh,Homo sapiens,TATA-box-binding protein,,,,
217,none,2,,1tgh,Homo sapiens,DNA (5'-D(*CP*GP*TP*AP*TP*AP*TP*AP*TP*AP*CP*G)-3'),,,,
218,O77448,1,,6d6v,Tetrahymena thermophila,Telomerase reverse transcriptase,,,,
218,D2CVN6,1,,6d6v,Tetrahymena thermophila,Telomerase-associated protein 82,,,,
218,A0A0U8UFF4,1,,6d6v,Tetrahymena thermophila,Telomerase holoenzyme TEB heterotrimer Teb3 subunit,,,,
218,A0A0U8TRG9,1,,6d6v,Tetrahymena thermophila,Telomerase holoenzyme Teb2 subunit,,,,
218,none,1,,6d6v,Tetrahymena thermophila,Telomerase-associated protein 50,,,,
218,Q6JXI6,1,,6d6v,Tetrahymena thermophila,Telomerase associated protein p65,,,,
218,none,1,,6d6v,Tetrahymena thermophila,DNA,,,,
218,none,1,,6d6v,Tetrahymena thermophila,RNA (159-MER),,,,
219,P0A6T5,10,,1gtp,Escherichia coli ,GTP cyclohydrolase 1,,,,
220,P27213,6,,1gtq,Rattus rattus,6-pyruvoyl tetrahydrobiopterin synthase,,,,
221,Q64105,2,,1sep,Mus musculus,Sepiapterin reductase,,,,
222,P00734,1,,1ppb,Homo sapiens,Thrombin light chain,,,,
222,P00734,1,,1ppb,Homo sapiens,Thrombin heavy chain,,,,
223,none,1,,1n4e,synthetic construct,DNA,,,,
223,none,1,,1n4e,synthetic construct,DNA,,,,
224,P13726,2,,2hft,Homo sapiens,,,,,
225,P21980,1,,2q3z,Homo sapiens,Protein-glutamine gamma-glutamyltransferase 2,,,,
225,none,1,,2q3z,Homo sapiens,Polypeptide mimicing gluten,,,,
226,O97791,1,,2rik,Oryctolagus cuniculus,I-band fragment I67-I69,,,,
226,Q8WZ42,1,,3lpw,Homo sapiens,FnIII-tandem A77-A78,,,,
226,Q8WZ42,1,,1tki,Homo sapiens,Pseudokinase domain,,,,
227,Q77LT8,49,,2mo3,Tobacco mosaic virus,Capsid protein,,,,
227,none,49,,2mo3,Tobacco mosaic virus,Tobacco Mosaic Virus RNA,,,,
228,O00206,2,,3fxi,Homo sapiens,Toll-like receptor 4 - extracellular,,,,
228,Q9Y6Y9,2,,3fxi,Homo sapiens,Lymphocyte antigen 96 - extracellular,,,,
228,Q9BXR5,2,,2j67,Homo sapiens,Toll-like receptor 10 - intracellular,,,,
229,P11387,1,,1a36,Homo sapiens,DNA topoisomerase 1,,,,
229,none,1,,1a36,Homo sapiens,DNA strand,,,,
229,none,1,,1a36,Homo sapiens,DNA strand,,,,
230,none,1,,4tna,Saccharomyces cerevisiae,,,,,
231,Q8RR57,1,,3iyr,Thermus thermophilus HB8,SsrA-binding protein,,,,
231,none,1,,3iyr,Thermus thermophilus HB8,tmRNA,,,,
232,Q46731,2,,1muh,Escherichia coli ,Transposase for transposon Tn5,,,,
232,none,2,,1muh,Escherichia coli ,DNA TRANSFERRED STRAND,,,,
232,none,2,,1muh,Escherichia coli ,DNA NON-TRANSFERRED STRAND,,,,
233,P00760,1,,2ptn,Bos taurus,Cationic trypsin,,,,
234,P0AEC8,1,,3by8,Escherichia coli ,Sensor histidine kinase DcuS,,,,
234,Q9WZV7,2,,2c2a,Thermotoga maritima,Histidine kinase domain-containing protein,,,,
235,P0CG48,1,,1ubq,Homo sapiens,,,,,
236,P17255,3,,5vox,Saccharomyces cerevisiae S288C,Endonuclease PI-SceI,,,,
236,P16140,3,,5vox,Saccharomyces cerevisiae S288C,V-type proton ATPase subunit B,,,,
236,P22203,3,,5vox,Saccharomyces cerevisiae S288C,V-type proton ATPase subunit E,,,,
236,P48836,3,,5vox,Saccharomyces cerevisiae S288C,V-type proton ATPase subunit G,,,,
236,P32610,1,,5vox,Saccharomyces cerevisiae S288C,V-type proton ATPase subunit D,,,,
236,P39111,1,,5vox,Saccharomyces cerevisiae S288C,V-type proton ATPase subunit F,,,,
236,P31412,1,,5vox,Saccharomyces cerevisiae S288C,V-type proton ATPase subunit C,,,,
236,P41807,1,,5vox,Saccharomyces cerevisiae S288C,V-type proton ATPase subunit H,,,,
236,P32366,1,,5vox,Saccharomyces cerevisiae S288C,V-type proton ATPase subunit d,,,,
236,P23968,1,,5vox,Saccharomyces cerevisiae S288C,V-type proton ATPase subunit c'',,,,
236,P32842,1,,5vox,Saccharomyces cerevisiae S288C,V-type proton ATPase subunit c',,,,
236,P25515,8,,5vox,Saccharomyces cerevisiae S288C,V-type proton ATPase subunit c,,,,
236,P32563,1,,5vox,Saccharomyces cerevisiae S288C,"V-type proton ATPase subunit a, vacuolar isoform",,,,
236,Q3E7B6,1,,5vox,Saccharomyces cerevisiae S288C,V-type proton ATPase subunit e,,,,
236,none,1,,5vox,Saccharomyces cerevisiae S288C,V-type proton ATPase subunit f,,,,
236,none,3,,5vox,Legionella pneumophila subsp. pneumophila ATCC 43290,effector protein SidK,,,,
237,none,1,,1fvm,Amycolatopsis orientalis,VANCOMYCIN,,,,
237,none,1,,1fvm,Amycolatopsis orientalis,DI-ACETYL-LYS-D-ALA-D-ALA,,,,
238,Q62667,78,,4v60,Rattus norvegicus,Major vault protein,,,,
239,P28700,1,,1dkf,Mus musculus,Retinoic acid receptor RXR-alpha - ligand-binding domains,,,,
239,P10276,1,,1dkf,Homo sapiens,Retinoic acid receptor alpha - ligand-binding domains,,,,
239,P11473,1,,1ynw,Homo sapiens,Vitamin D3 receptor,,,,
239,P19793,1,,1ynw,Homo sapiens,Retinoic acid receptor RXR-alpha,,,,
239,none,1,,1ynw,Homo sapiens,DNA,,,,
239,none,1,,1ynw,Homo sapiens,DNA,,,,
240,O60939,1,,6j8j,Homo sapiens,Sodium channel subunit beta-2,,,,
240,Q15858,1,,6j8j,Homo sapiens,Sodium channel protein type 9 subunit alpha,,,,
240,Q07699,1,,6j8j,Homo sapiens,Sodium channel subunit beta-1,,,,
241,P80457,2,,1fo4,Bos taurus,Xanthine dehydrogenase/oxidase,,,,
242,A0A024B7W1,180,,5ire,Zika virus,Envelope protein E,,,,
242,A0A024B7W1,180,,5ire,Zika virus,Small envelope protein M,,,,
243,P03001,1,,,Xenopus laevis,Transcription factor IIIA,,,,
243,none,1,,,Xenopus laevis,DNA,,,,
243,none,1,,,Xenopus laevis,DNA,,,,
,,,,,,,,,,
,,,,,,,,,,
244,P00766,2,,2cha,Bos taurus,Chymotrypsin A chain A,,,,
244,P00766,2,,2cha,Bos taurus,Chymotrypsin A chain B,,,,
244,P00766,2,,2cha,Bos taurus,Chymotrypsin A chain C,,,,
245,P14756,1,,3dbk,Pseudomonas aeruginosa,,,,,
246,Q15370,1,,1lm8,Homo sapiens,Elongin-B,,,,
246,Q15369,1,,1lm8,Homo sapiens,Elongin-C,,,,
246,P40337,1,,1lm8,Homo sapiens,von Hippel-Lindau disease tumor suppressor,,,,
246,Q16665,1,,1lm8,Homo sapiens,Hypoxia-inducible factor 1-alpha,,,,
247,none,2,,6lu7,Severe acute respiratory syndrome coronavirus 2,3C-like proteinase,,,,
247,none,2,,6lu7,synthetic construct,inhibitor,,,,
248,O60939,1,,6j8j,Homo sapiens,Sodium channel subunit beta-2,,,,
248,Q15858,1,,6j8j,Homo sapiens,Sodium channel protein type 9 subunit alpha,,,,
248,Q07699,1,,6j8j,Homo sapiens,Sodium channel subunit beta-1,,,,
249,B6SSN3,1,,5zji,Zea mays,"Chlorophyll a-b binding protein, chloroplastic",,,,
249,B6T892,1,,5zji,Zea mays,"Chlorophyll a-b binding protein, chloroplastic",,,,
249,B6SUC4,1,,5zji,Zea mays,"Chlorophyll a-b binding protein, chloroplastic",,,,
249,B6SZR1,1,,5zji,Zea mays,"Chlorophyll a-b binding protein, chloroplastic",,,,
249,P04966,1,,5zji,Zea mays,Photosystem I P700 chlorophyll a apoprotein A1,,,,
249,A0A059Q6U2,1,,5zji,Zea mays subsp. mays,Photosystem I P700 chlorophyll a apoprotein A2,,,,
249,A0A172FJJ4,1,,5zji,Zea mays subsp. mays,Photosystem I iron-sulfur center,,,,
249,B4FAW3,1,,5zji,Zea mays,Photosystem I reaction center subunit II,,,,
249,A0A1D6HY75,1,,5zji,Zea mays,Photosystem I reaction center subunit IV A,,,,
249,B6SRI3,1,,5zji,Zea mays,PSI-F,,,,
249,B6U534,1,,5zji,Zea mays,PSI-G,,,,
249,O65101,1,,5zji,Zea mays,"Photosystem I reaction center subunit VI, chloroplastic",,,,
249,P30980,1,,5zji,Zea mays,Photosystem I reaction center subunit VIII,,,,
249,P62596,1,,5zji,Zea mays,Photosystem I reaction center subunit IX,,,,
249,B6TR16,1,,5zji,Zea mays,PSI-K,,,,
249,B6STT2,1,,5zji,Zea mays,PSI subunit V,,,,
249,B6SQZ7,1,,5zji,Zea mays,16kDa membrane protein,,,,
249,B6TXS5,1,,5zji,Zea mays,Photosystem I reaction center subunit N,,,,
249,P12329,2,,5zji,Zea mays,"Chlorophyll a-b binding protein 1, chloroplastic",,,,
249,B6SZT9,1,,5zji,Zea mays,"Chlorophyll a-b binding protein, chloroplastic",,,,
250,P27490,10,,5xnl,Pisum sativum,"Chlorophyll a-b binding protein 8, chloroplastic",,,,
250,Q04918,2,,5xnl,Pisum sativum,"Chlorophyll a-b binding protein, chloroplastic",,,,
250,A0A2D0TCJ3,2,,5xnl,Pisum sativum,"Chlorophyll a-b binding protein, chloroplastic",,,,
250,P06585,2,,5xnl,Pisum sativum,Photosystem II protein D1,,,,
250,Q9XQR6,2,,5xnl,Pisum sativum,Photosystem II CP47 reaction center protein,,,,
250,P06004,2,,5xnl,Pisum sativum,Photosystem II CP43 reaction center protein,,,,
250,P06006,2,,5xnl,Pisum sativum,Photosystem II D2 protein,,,,
250,P13554,2,,5xnl,Pisum sativum,Cytochrome b559 subunit alpha,,,,
250,P62096,2,,5xnl,Pisum sativum,Cytochrome b559 subunit beta,,,,
250,Q9XQR3,2,,5xnl,Pisum sativum,Photosystem II reaction center protein H,,,,
250,D5MAJ9,2,,5xnl,Pisum sativum,Photosystem II reaction center protein I,,,,
250,P13555,2,,5xnl,Pisum sativum,Photosystem II reaction center protein J,,,,
250,D5MAJ8,2,,5xnl,Pisum sativum,Photosystem II reaction center protein K,,,,
250,P60147,2,,5xnl,Pisum sativum,Photosystem II reaction center protein L,,,,
250,P69529,2,,5xnl,Pisum sativum,Photosystem II reaction center protein M,,,,
250,P14226,2,,5xnl,Pisum sativum,"Oxygen-evolving enhancer protein 1, chloroplastic",,,,
250,P16059,2,,5xnl,Pisum sativum,"Oxygen-evolving enhancer protein 2, chloroplastic",,,,
250,Q7Y1T5,2,,5xnl,Pisum sativum,Oxygen-evolving enhancer protein 3,,,,
250,A0A2D0TCJ0,2,,5xnl,Pisum sativum,"Chlorophyll a-b binding protein, chloroplastic",,,,
250,A0A2D0TCJ1,2,,5xnl,Pisum sativum,"Chlorophyll a-b binding protein, chloroplastic",,,,
250,Q8HS25,2,,5xnl,Pisum sativum,Photosystem II reaction center protein T,,,,
250,A0A2D0TCJ2,2,,5xnl,Pisum sativum,PSII 6.1 kDa protein,,,,
250,Q8VYY1,2,,5xnl,Pisum sativum,Ultraviolet-B-repressible protein,,,,
250,Q32902,2,,5xnl,Pisum sativum,Photosystem II reaction center protein Z,,,,
251,O14187,1,,3jb9,Schizosaccharomyces pombe 972h-,Pre-mRNA-splicing factor spp42,,,,
251,O94316,1,,3jb9,Schizosaccharomyces pombe 972h-,Pre-mRNA-splicing factor cwf10,,,,
251,Q9UUC6,2,,3jb9,Schizosaccharomyces pombe 972h-,Small nuclear ribonucleoprotein Sm D3,,,,
251,Q10163,2,,3jb9,Schizosaccharomyces pombe 972h-,Small nuclear ribonucleoprotein-associated protein B,,,,
251,O42661,2,,3jb9,Schizosaccharomyces pombe 972h-,Small nuclear ribonucleoprotein Sm D1,,,,
251,O14036,2,,3jb9,Schizosaccharomyces pombe 972h-,Small nuclear ribonucleoprotein Sm D2,,,,
251,Q9USZ3,2,,3jb9,Schizosaccharomyces pombe 972h-,Small nuclear ribonucleoprotein E,,,,
251,O59734,2,,3jb9,Schizosaccharomyces pombe 972h-,Small nuclear ribonucleoprotein F,,,,
251,O74966,2,,3jb9,Schizosaccharomyces pombe 972h-,Small nuclear ribonucleoprotein G,,,,
251,O13615,1,,3jb9,Schizosaccharomyces pombe 972h-,Pre-mRNA-splicing factor prp5,,,,
251,O94620,1,,3jb9,Schizosaccharomyces pombe 972h-,Pre-mRNA-splicing factor cwf17,,,,
251,Q09882,1,,3jb9,Schizosaccharomyces pombe 972h-,Pre-mRNA-processing protein 45,,,,
251,O14011,4,,3jb9,Schizosaccharomyces pombe 972h-,Pre-mRNA-processing factor 19,,,,
251,P39964,1,,3jb9,Schizosaccharomyces pombe 972h-,Pre-mRNA-splicing factor cdc5,,,,
251,P87126,1,,3jb9,Schizosaccharomyces pombe 972h-,Pre-mRNA-splicing factor cwf2,,,,
251,O59800,1,,3jb9,Schizosaccharomyces pombe 972h-,Pre-mRNA-splicing factor cwf5,,,,
251,Q09909,1,,3jb9,Schizosaccharomyces pombe 972h-,Pre-mRNA-splicing factor cwf19,,,,
251,P87051,1,,3jb9,Schizosaccharomyces pombe 972h-,Peptidyl-prolyl cis-trans isomerase ppi1,,,,
251,O74772,1,,3jb9,Schizosaccharomyces pombe 972h-,Pre-mRNA-splicing factor cwf14,,,,
251,O43071,1,,3jb9,Schizosaccharomyces pombe 972h-,Pre-mRNA-processing factor 17,,,,
251,P78794,1,,3jb9,Schizosaccharomyces pombe 972h-,Pre-mRNA-splicing factor cwf15,,,,
251,Q9USV3,1,,3jb9,Schizosaccharomyces pombe 972h-,Pre-mRNA-splicing factor cwf7,,,,
251,P87312,1,,3jb9,Schizosaccharomyces pombe 972h-,Pre-mRNA-splicing factor cwf4,,,,
251,Q9P7R9,1,,3jb9,Schizosaccharomyces pombe 972h-,Pre-mRNA-splicing factor cwf3,,,,
251,O94508,1,,3jb9,Schizosaccharomyces pombe 972h-,Pre-mRNA-splicing factor cwf11,,,,
251,Q9USX8,1,,3jb9,Schizosaccharomyces pombe 972h-,U2 small nuclear ribonucleoprotein A',,,,
251,Q7LL14,1,,3jb9,Schizosaccharomyces pombe 972h-,Probable U2 small nuclear ribonucleoprotein B'',,,,
251,none,1,,3jb9,Schizosaccharomyces pombe 972h-,unknown chain,,,,
251,none,1,,3jb9,none,U5 snRNA,,,,
251,none,1,,3jb9,none,U6 snRNA,,,,
251,none,1,,3jb9,none,RNA (5'-R(P*GP*UP*AP*UP*GP*UP*AP*U)-3'),,,,
251,none,1,,3jb9,none,RNA (5'-R(P*UP*UP*UP*AP*UP*AP*CP*UP*AP*AP*CP*AP*C)-3'),,,,
251,none,1,,3jb9,none,U2 snRNA,,,,
252,P0DTC2,3,,6vxx,Severe acute respiratory syndrome coronavirus 2,Spike glycoprotein,,,,
253,P20917,2,,5lf5,Mus musculus,Myelin-associated glycoprotein,,,,
254,Q9ZVR7,1,,4z64,Arabidopsis thaliana,Phytosulfokine receptor 1,,,,
254,Q94AG2,1,,4z64,Arabidopsis thaliana,Somatic embryogenesis receptor kinase 1,,,,
254,none,1,,4z64,Arabidopsis ,Phytosulfokine,,,,
255,P0DTD1,1,,6yyt,Severe acute respiratory syndrome coronavirus 2,RNA-directed RNA polymerase,,,,
255,P0DTD1,2,,6yyt,Severe acute respiratory syndrome coronavirus 2,Non-structural protein 8,,,,
255,P0DTD1,1,,6yyt,Severe acute respiratory syndrome coronavirus 2,Non-structural protein 7,,,,
255,none,4,,6yyt,none,RNA product,,,,
256,O35433,4,,5is0,Rattus norvegicus,Transient receptor potential cation channel subfamily V member 1,,,,
257,E1BM79,1,,6r3q,Bos taurus,Adenylate cyclase 9,,,,
257,P04896,1,,6r3q,Bos taurus,Guanine nucleotide-binding protein G(s) subunit alpha isoforms short,,,,
258,P26663,2,,1cu1,Hepacivirus C,Serine protease/helicase NS3,,,,
259,D7ZEN7,1,,6x9q,Escherichia coli ,50S ribosomal protein L21,,,,
259,D7Z9G0,1,,6x9q,Escherichia coli ,50S ribosomal protein L22,,,,
259,D7X2Z9,1,,6x9q,Escherichia coli ,50S ribosomal protein L23,,,,
259,D7Z9G6,1,,6x9q,Escherichia coli ,50S ribosomal protein L24,,,,
259,D7XH79,1,,6x9q,Escherichia coli ,50S ribosomal protein L25,,,,
259,D7ZA73,1,,6x9q,Escherichia coli ,50S ribosomal protein L10,,,,
259,P0A8V4,1,,6x9q,Escherichia coli ,DNA-directed RNA polymerase subunit beta,,,,
259,V8K3D7,1,,6x9q,Escherichia coli ,Transcription termination/antitermination protein NusG,,,,
259,A0A073G207,2,,6x9q,Escherichia coli ,DNA-directed RNA polymerase subunit alpha,,,,
259,A0A4S1NBU2,1,,6x9q,Escherichia coli ,DNA-directed RNA polymerase subunit beta',,,,
259,P0A802,1,,6x9q,Escherichia coli ,DNA-directed RNA polymerase subunit omega,,,,
259,U9XV73,1,,6x9q,Escherichia coli ,Transcription termination/antitermination protein NusA,,,,
259,A0A0E2KXL3,1,,6x9q,Escherichia coli ,30S ribosomal protein S18,,,,
259,D7ZAS2,1,,6x9q,Escherichia coli ,30S ribosomal protein S20,,,,
259,A0A0E2L2J1,1,,6x9q,Escherichia coli ,30S ribosomal protein S21,,,,
259,D7ZK99,1,,6x9q,Escherichia coli ,30S ribosomal protein S2,,,,
259,A0A1X3LHG1,1,,6x9q,Escherichia coli ,30S ribosomal protein S1,,,,
259,B7MCS9,1,,6x9q,Escherichia coli ,30S ribosomal protein S3,,,,
259,D7Z9H7,1,,6x9q,Escherichia coli ,30S ribosomal protein S4,,,,
259,D7Z9H2,1,,6x9q,Escherichia coli ,30S ribosomal protein S5,,,,
259,P02358,1,,6x9q,Escherichia coli ,30S ribosomal protein S6,,,,
259,none,1,,6x9q,Escherichia coli ,30S ribosomal protein S7,,,,
259,D7Z9G9,1,,6x9q,Escherichia coli ,30S ribosomal protein S8,,,,
259,D7ZES9,1,,6x9q,Escherichia coli ,30S ribosomal protein S9,,,,
259,D7Z9F4,1,,6x9q,Escherichia coli ,30S ribosomal protein S10,,,,
259,B7MCR3,1,,6x9q,Escherichia coli ,30S ribosomal protein S11,,,,
259,D7ZAN0,1,,6x9q,Escherichia coli ,30S ribosomal protein S12,,,,
259,D7Z9G8,1,,6x9q,Escherichia coli ,30S ribosomal protein S14,,,,
259,D7ZEL4,1,,6x9q,Escherichia coli ,30S ribosomal protein S15,,,,
259,B7MIU7,1,,6x9q,Escherichia coli ,30S ribosomal protein S16,,,,
259,D7Z9G4,1,,6x9q,Escherichia coli ,30S ribosomal protein S17,,,,
259,D7Z9F9,1,,6x9q,Escherichia coli ,30S ribosomal protein S19,,,,
259,H4UQ02,1,,6x9q,Escherichia coli ,30S ribosomal protein S13,,,,
259,D7ZA71,1,,6x9q,Escherichia coli ,50S ribosomal protein L11,,,,
259,H4KQ39,1,,6x9q,Escherichia coli ,50S ribosomal protein L7/L12,,,,
259,P0A7L8,1,,6x9q,Escherichia coli ,50S ribosomal protein L27,,,,
259,S0YB49,1,,6x9q,Escherichia coli ,50S ribosomal protein L28,,,,
259,D7Z9G3,1,,6x9q,Escherichia coli ,50S ribosomal protein L29,,,,
259,D7Z9H3,1,,6x9q,Escherichia coli ,50S ribosomal protein L30,,,,
259,D7ZFP6,1,,6x9q,Escherichia coli ,50S ribosomal protein L31,,,,
259,P60422,1,,6x9q,Escherichia coli ,50S ribosomal protein L2,,,,
259,D7ZGG2,1,,6x9q,Escherichia coli ,50S ribosomal protein L32,,,,
259,P60438,1,,6x9q,Escherichia coli ,50S ribosomal protein L3,,,,
259,D7Z9P0,1,,6x9q,Escherichia coli ,50S ribosomal protein L33,,,,
259,D7Z9F6,1,,6x9q,Escherichia coli ,50S ribosomal protein L4,,,,
259,B7MGC4,1,,6x9q,Escherichia coli ,50S ribosomal protein L34,,,,
259,D7Z9G7,1,,6x9q,Escherichia coli ,50S ribosomal protein L5,,,,
259,D7Z814,1,,6x9q,Escherichia coli ,50S ribosomal protein L35,,,,
259,D7Z9H0,1,,6x9q,Escherichia coli ,50S ribosomal protein L6,,,,
259,A0A0E2L017,1,,6x9q,Escherichia coli ,50S ribosomal protein L36,,,,
259,D7ZI15,1,,6x9q,Escherichia coli ,50S ribosomal protein L9,,,,
259,D7ZET0,1,,6x9q,Escherichia coli ,50S ribosomal protein L13,,,,
259,D7Z9G5,1,,6x9q,Escherichia coli ,50S ribosomal protein L14,,,,
259,A0A037Y8L6,1,,6x9q,Escherichia coli ,50S ribosomal protein L15,,,,
259,P0ADY7,1,,6x9q,Escherichia coli ,50S ribosomal protein L16,,,,
259,A0A1X3LC97,1,,6x9q,Escherichia coli ,50S ribosomal protein L17,,,,
259,D7Z9H1,1,,6x9q,Escherichia coli ,50S ribosomal protein L18,,,,
259,D7ZKU3,1,,6x9q,Escherichia coli ,50S ribosomal protein L19,,,,
259,B7MAS6,1,,6x9q,Escherichia coli ,50S ribosomal protein L20,,,,
259,none,1,,6x9q,none,NT DNA,,,,
259,none,1,,6x9q,none,T DNA,,,,
259,none,1,,6x9q,none,mRNA with 27 nt long spacer,,,,
259,none,2,,6x9q,none,E-site and P-site tRNA (fMet),,,,
259,none,,,6x9q,none,16S ribosomal RNA,,,,
259,none,1,,6x9q,none,23S ribosomal RNA,,,,
259,none,1,,6x9q,none,5S ribosomal RNA,,,,
260,Q6J8X0,3,,6wlb,Populus tremula x Populus tremuloides,,,,,
261,none,1,,3lpv,synthetic construct,5'-D(*CP*CP*TP*CP*TP*GP*GP*TP*CP*TP*CP*C)-3',,,,
261,none,1,,3lpv,synthetic construct,5'-D(*GP*GP*AP*GP*AP*CP*CP*AP*GP*AP*GP*G)-3',,,,
262,,,,,,,,,,
263,P69905,2,,1fdh,Homo sapiens,Hemoglobin subunit alpha,,,,
263,P69892,2,,1fdh,Homo sapiens,Hemoglobin subunit gamma-2,,,,
264,Q9N1E2,2,,1hox,Oryctolagus cuniculus,Glucose-6-phosphate isomerase,,,,
265,P00512,4,,4pfk,Geobacillus stearothermophilus,ATP-dependent 6-phosphofructokinase,,,,
266,P04075,4,,4ald,Homo sapiens,Fructose-bisphosphate aldolase A,,,,
267,P00942,2,,2ypi,Saccharomyces cerevisiae,Triosephosphate isomerase,,,,
268,P04406,4,,3gpd,Homo sapiens,Glyceraldehyde-3-phosphate dehydrogenase,,,,
269,P00560,1,,3pgk,Saccharomyces cerevisiae,Phosphoglycerate kinase,,,,
270,P00950,4,,3pgm,Saccharomyces cerevisiae,Phosphoglycerate mutase 1,,,,
271,P00924,2,,2one,Saccharomyces cerevisiae,Enolase 1,,,,
272,P00549,4,,1a3w,Saccharomyces cerevisiae,Pyruvate kinase 1,,,,
273,O19069,1,,2fp4,Sus scrofa,"Succinate--CoA ligase [ADP/GDP-forming] subunit alpha, mitochondrial",,,,
273,P53590,1,,2fp4,Sus scrofa,"Succinate--CoA ligase [GDP-forming] subunit beta, mitochondrial",,,,
274,P0AC41,1,,1nek,Escherichia coli,Succinate dehydrogenase flavoprotein subunit,,,,
274,P07014,1,,1nek,Escherichia coli,Succinate dehydrogenase iron-sulfur subunit,,,,
274,P69054,1,,1nek,Escherichia coli,Succinate dehydrogenase cytochrome b556 subunit,,,,
274,P0AC44,1,,1nek,Escherichia coli,Succinate dehydrogenase hydrophobic membrane anchor subunit,,,,
275,P05042,4,,1fuo,Escherichia coli,Fumarate hydratase class II,,,,
276,P00346,2,,1mld,Sus scrofa,"Malate dehydrogenase, mitochondrial",,,,
277,P0AFG6,24,,1e2o,Escherichia coli,Dihydrolipoyllysine-residue succinyltransferase component of 2-oxoglutarate dehydrogenase complex,,,,
277,P0AFG6,1,,1bbl,Escherichia coli,Dihydrolipoyllysine-residue succinyltransferase component of 2-oxoglutarate dehydrogenase complex,,,,
277,P0AFG6,1,,1pmr,Escherichia coli,Dihydrolipoyllysine-residue succinyltransferase component of 2-oxoglutarate dehydrogenase complex,,,,
277,Q5SLK6,2,,2eq7,Thermus thermophilus HB8,Dihydrolipoyl dehydrogenase,,,,
277,Q5SLK5,1,,2eq7,Thermus thermophilus HB9,Dihydrolipoyllysine-residue succinyltransferase component of 2-oxoglutarate dehydrogenase complex,,,,
277,P0AFG3,1,,2jgd,Escherichia coli K-12,2-oxoglutarate dehydrogenase E1 component,,,,
277,P0AFG3,1,,2jgd,Escherichia coli K-12,2-oxoglutarate dehydrogenase E1 component,,,,
278,P01542,1,,3nir,Crambe hispanica subsp. abyssinica,,,,,
279,A0A0H3TLP8,8280,,5j7v,Faustovirus,Putative major capsid protein p72,,,,
280,P0DTC2,3,,7k8t,Severe acute respiratory syndrome coronavirus 2,Spike glycoprotein,,,,
280,none,3,,7k8t,Homo sapiens,C002 Fab Heavy Chain,,,,
280,none,3,,7k8t,Homo sapiens,C002 Fab Light Chain,,,,
281,P0DTC2,3,,7k43,Severe acute respiratory syndrome coronavirus 2,Spike glycoprotein,,,,
281,none,3,,7k43,Homo sapiens,S2M11 Fab fragment (heavy chain),,,,
281,none,3,,7k43,Homo sapiens,S2M11 Fab fragment (light chain),,,,
282,P0DTC2,3,,6zdh,Severe acute respiratory syndrome coronavirus 2,Spike glycoprotein,,,,
282,none,3,,6zdh,Homo sapiens,EY6A heavy chain,,,,
282,none,3,,6zdh,Homo sapiens,EY6A light chain,,,,
283,P0DTC2,3,,7c2l,Severe acute respiratory syndrome coronavirus 2,Spike glycoprotein,,,,
283,none,3,,7c2l,Homo sapiens,heavy chain of 4A8,,,,
283,none,3,,7c2l,Homo sapiens,light chain of 4A8,,,,
284,P0DTC2,3,,7l06,Severe acute respiratory syndrome coronavirus 2,Spike glycoprotein,,,,
284,none,4,,7l06,Homo sapiens,2G12 heavy chain,,,,
284,none,4,,7l06,Homo sapiens,2G12 light chain,,,,
285,P0DTC2,3,,6zxn,Severe acute respiratory syndrome coronavirus 2,Spike glycoprotein,,,,
285,none,3,,6zxn,Vicugna pacos,Nanobody Ty1,,,,
286,P0DTC2,3,,7kkl,Severe acute respiratory syndrome coronavirus 2,Spike glycoprotein,,,,
286,none,3,,7kkl,synthetic construct,Synthetic nanobody mNb6,,,,
287,P0DTC2,3,,7cwu,Severe acute respiratory syndrome coronavirus 2,Spike glycoprotein,,,,
287,none,3,,7cwu,Homo sapiens,heavy chain of P17 Fab,,,,
287,none,3,,7cwu,Homo sapiens,light chain of P17 Fab,,,,
287,none,3,,7cwu,Homo sapiens,heavy chain of FC05 Fab,,,,
287,none,3,,7cwu,Homo sapiens,light chain of FC05 Fab,,,,
288,P0DTC2,3,,7cwn,Severe acute respiratory syndrome coronavirus 2,Spike glycoprotein,,,,
288,none,3,,7cwn,Homo sapiens,heavy chain of P17 Fab,,,,
288,none,3,,7cwn,Homo sapiens,light chain of P17 Fab,,,,
288,none,3,,7cwn,Homo sapiens,heavy chain of H014 Fab,,,,
288,none,3,,7cwn,Homo sapiens,light chain of H014 Fab,,,,
289,G5E814,1,,"""7b93""",Mus musculus,,,,,
289,O09111,1,,"""7b93""",Mus musculus,,,,,
289,O35683,1,,"""7b93""",Mus musculus,,,,,
289,P03888,1,,"""7b93""",Mus musculus,,,,,
289,P03893,1,,"""7b93""",Mus musculus,,,,,
289,P03899,1,,"""7b93""",Mus musculus,,,,,
289,P03903,1,,"""7b93""",Mus musculus,,,,,
289,P03911,1,,"""7b93""",Mus musculus,,,,,
289,P03921,1,,"""7b93""",Mus musculus,,,,,
289,P03925,1,,"""7b93""",Mus musculus,,,,,
289,P0DN34,1,,"""7b93""",Mus musculus,,,,,
289,P52503,1,,"""7b93""",Mus musculus,,,,,
289,Q3UIU2,1,,"""7b93""",Mus musculus,,,,,
289,Q7TMF3,1,,"""7b93""",Mus musculus,,,,,
289,Q8BK30,1,,"""7b93""",Mus musculus,,,,,
289,Q8K3J1,1,,"""7b93""",Mus musculus,,,,,
289,Q91VD9,1,,"""7b93""",Mus musculus,,,,,
289,Q91WD5,1,,"""7b93""",Mus musculus,,,,,
289,Q91YT0,1,,"""7b93""",Mus musculus,,,,,
289,Q99LC3,1,,"""7b93""",Mus musculus,,,,,
289,Q99LY9,1,,"""7b93""",Mus musculus,,,,,
289,Q9CPP6,1,,"""7b93""",Mus musculus,,,,,
289,Q9CPU2,1,,"""7b93""",Mus musculus,,,,,
289,Q9CQ54,1,,"""7b93""",Mus musculus,,,,,
289,Q9CQ75,1,,"""7b93""",Mus musculus,,,,,
289,Q9CQ91,1,,"""7b93""",Mus musculus,,,,,
289,Q9CQC7,1,,"""7b93""",Mus musculus,,,,,
289,Q9CQH3,1,,"""7b93""",Mus musculus,,,,,
289,Q9CQJ8,1,,"""7b93""",Mus musculus,,,,,
289,Q9CQY9,1,,"""7b93""",Mus musculus,,,,,
289,Q9CQZ5,1,,"""7b93""",Mus musculus,,,,,
289,Q9CQZ6,1,,"""7b93""",Mus musculus,,,,,
289,Q9CR21,2,,"""7b93""",Mus musculus,,,,,
289,Q9CR61,1,,"""7b93""",Mus musculus,,,,,
289,Q9CXZ1,1,,"""7b93""",Mus musculus,,,,,
289,Q9D6J5,1,,"""7b93""",Mus musculus,,,,,
289,Q9D6J6,1,,"""7b93""",Mus musculus,,,,,
289,Q9DC69,1,,"""7b93""",Mus musculus,,,,,
289,Q9DC70,1,,"""7b93""",Mus musculus,,,,,
289,Q9DCJ5,1,,"""7b93""",Mus musculus,,,,,
289,Q9DCS9,1,,"""7b93""",Mus musculus,,,,,
289,Q9DCT2,1,,"""7b93""",Mus musculus,,,,,
289,Q9ERS2,1,,"""7b93""",Mus musculus,,,,,
289,Q9Z1P6,1,,"""7b93""",Mus musculus,,,,,
290,P0C0Y7,1,,1aig,Rhodobacter sphaeroides,,,,,
290,P0C0Y8,1,,1aig,Rhodobacter sphaeroides,,,,,
290,P0C0Y9,1,,1aig,Rhodobacter sphaeroides,,,,,
